Id,cateId,picS,picB,name,describe,price,originPrice,author,brand,publishDate,sellerId,isPChome,isNC17,couponActid,BU
DEABHV-A900B18XQ,DQCD3G,/items/DEABHVA900B18XQ/000001_1648015117.jpg,/items/DEABHVA900B18XQ/000001_1648015117.jpg,《HOPMA》工業風四門十層鞋櫃-漂流木,"《HOPMA》工業風四門十層鞋櫃-漂流木\r\ndiy家具
磁扣開合設計
層板半圓孔溝槽固定不滑動
防撞墊片貼心設計
透氣孔設計鞋櫃不悶臭",1350,1350,,,,,1,0,"['C033411', 'C034177', 'C033412', 'C033413']",ec
DEABIK-A900842CM,DQCD3H,/items/DEABIKA900842CM/000001_1494578903.jpg,/items/DEABIKA900842CM/000001_1494578903.jpg,【ikloo】日系優雅五層木質鞋櫃(白橡木色),"限時促銷↘原$999【ikloo】日系優雅五層木質鞋櫃(白橡木色)\r\n►diy組裝簡單 
►木頭材質堅固耐用 
►開放式設計好拿好放",488,488,,,,,1,0,[],ec
DEDB8P-A900DYTBN,DQCD04,/items/DEDB8PA900DYTBN/000001_1663227143.jpg,/items/DEDB8PA900DYTBN/000001_1663227143.jpg,【AOTTO】歐式簡約實木家用鞋櫃-四層無抽(鞋櫃 收納櫃 櫃子 玄關),"【AOTTO】日式簡約家用玄關開放式收納鞋架-八層(鞋櫃 鞋架)\r\n多層收納 整齊有序
窄長立體 不佔空間
厚實板材 穩固耐用",590,590,,,,,1,0,"['C033411', 'C034177', 'C033412', 'C033413']",ec
DEBAHU-A900842F5,DQCD3H,/items/DEBAHUA900842F5/000001_1660559435.jpg,/items/DEBAHUA900842F5/000001_1660559435.jpg,【ikloo】日系優雅五層木質鞋櫃(胡桃木色),"【ikloo】日系優雅五層木質鞋櫃(胡桃木色)\r\n►diy組裝簡單 
►木頭材質堅固耐用 
►開放式設計好拿好放",488,488,,,,,1,0,[],ec
DEABHV-A900A8PTB,DQCD3G,/items/DEABHVA900A8PTB/000001_1567739999.jpg,/items/DEABHVA900A8PTB/000001_1567739999.jpg,《HOPMA》樂活四門五層鞋櫃-淺橡木,"《HOPMA》樂活四門五層鞋櫃-淺橡木(漂流木)\r\n。mit台灣製 
。diy自行組裝 
。活動板設計方便依鞋子調整高度 

◤淺橡木
◤拼版柚木",1318,1318,,,,,1,0,"['C033411', 'C034177', 'C033412', 'C033413']",ec
DEABHV-A900FEAWC,DQCD3G,/items/DEABHVA900FEAWC/000001_1660640985.jpg,/items/DEABHVA900FEAWC/000001_1660640985.jpg,《HOPMA》艾爾六層鞋櫃-漂流木,"《HOPMA》艾爾六層鞋櫃-漂流木\r\n。mit台灣製造
。diy自行組裝 
。可調式活動層板
。30.5cm內深好收納
。導圓角貼心安全設計",909,909,,,,,1,0,"['C033411', 'C034177', 'C033412', 'C033413']",ec
DEABHV-A900EN1MA,DQCD3G,/items/DEABHVA900EN1MA/000001_1646116247.jpg,/items/DEABHVA900EN1MA/000001_1646116247.jpg,《HOPMA》大容量二門高鞋櫃-時尚白,"《HOPMA》大容量二門高鞋櫃-時尚白\r\n。mit台灣製造
。diy自行組裝 
。活動式層板
。超大容量收納",1388,1388,,,,,1,0,"['C033411', 'C034177', 'C033412', 'C033413']",ec
DEABHV-A900EN7M6,DQCD3G,/items/DEABHVA900EN7M6/000001_1646201901.jpg,/items/DEABHVA900EN7M6/000001_1646201901.jpg,《HOPMA》經典雙色四門大容量鞋櫃/收納櫃/置物櫃/玄關櫃,"《HOPMA》經典雙色四門大容量鞋櫃/收納櫃/置物櫃/玄關櫃\r\n。mit台灣製造。diy自行組裝 
。可調式活動層板。透氣孔設計
。前後踢腳板更穩固",1669,1669,,,,,1,0,"['C033411', 'C034177', 'C033412', 'C033413']",ec
DEABHV-A90094AC2,DQCD3G,/items/DEABHVA90094AC2/000001_1679463295.jpg,/items/DEABHVA90094AC2/000001_1679463295.jpg,《HOPMA》工業風四門十層鞋櫃-拼版柚木,"《HOPMA》工業風四門十層鞋櫃-拼版柚木\r\n★mit台灣製造
★diy自行組裝
★大容量收納機能鞋櫃
★門板伸縮轉軸輕鬆組裝
★活動層板擺放不設限

◤淺橡木
◤拼版柚木",1288,1288,,,,,1,0,"['C033411', 'C034177', 'C033412', 'C033413']",ec
DEABHV-A90094ACD,DQCD3G,/items/DEABHVA90094ACD/000001_1679463261.jpg,/items/DEABHVA90094ACD/000001_1679463261.jpg,《HOPMA》工業風四門十層鞋櫃-淺橡木,"《HOPMA》工業風四門十層鞋櫃-淺橡木(漂流木色)\r\n★mit台灣製造
★diy自行組裝
★大容量收納機能鞋櫃
★門板伸縮轉軸輕鬆組裝
★活動層板擺放不設限

◤漂流木色
◤拼版柚木",1288,1288,,,,,1,0,"['C033411', 'C034177', 'C033412', 'C033413']",ec
DEABHV-A900AYRXS,DQCD3G,/items/DEABHVA900AYRXS/000001_1604289035.jpg,/items/DEABHVA900AYRXS/000001_1604289035.jpg,《HOPMA》合馬雙門鞋櫃-胡桃木,"《HOPMA》合馬雙門鞋櫃-胡桃木\r\n■ 金屬質感把手
■ 磁扣開合設計
■ 層板半圓孔溝槽固定不滑動
■ 附腳粒保護地板被刮傷
■ 防撞墊片貼心設計",858,858,,,,,1,0,"['C033411', 'C034177', 'C033412', 'C033413']",ec
DEABJA-A900FDOPC,DQCD3E,/items/DEABJAA900FDOPC/000001_1660109018.jpg,/items/DEABJAA900FDOPC/000001_1660109018.jpg,TZUMii四門二格鞋櫃-雙色可選,"TZUMii四門二格鞋櫃-雙色可選\r\n●四門+開放空間收納更便利
●輕巧但具多層大容量收納
●活動板可依需求調整高度
●門把設計好開關",999,999,,,,,1,0,[],ec
DEABDE-A900ASNMR,DQCD3C,/items/DEABDEA900ASNMR/000001_1637028063.jpg,/items/DEABDEA900ASNMR/000001_1637028063.jpg,【RICHOME】茵德絲雙門透氣鞋櫃,"【RICHOME】茵德絲北歐風雙門透氣鞋櫃/鞋架/玄關櫃/置物櫃/收納櫃 (北歐風典雅設計)\r\n✓ 高貴典雅風格家具
✓ 塑合板貼pu防潑水設計
✓ 置物平台層板加厚設計
✓ 大容量空間，可收納16雙鞋
✓ 透氣孔通風設計，鞋子不悶臭
✓ 雙門鞋櫃，有效阻隔灰塵
✓ 可移動層板放置長靴，調整收納空間大小",1654,1654,,,,,1,0,[],ec
DEABHV-A900F8BAH,DQCD3G,/items/DEABHVA900F8BAH/000001_1656390958.jpg,/items/DEABHVA900F8BAH/000001_1656390958.jpg,《HOPMA》大容量二門一抽鞋櫃-漂流木,"《HOPMA》大容量二門一抽鞋櫃 玄關櫃 收納櫃 置物邊櫃 鞋架-淺橡(漂流)木\r\n★mit台灣製造
★diy自行組裝
★霧黑金屬質感把手
★抽屜防落安全卡榫
★磁扣開合設計",1299,1299,,,,,1,0,"['C033411', 'C034177', 'C033412', 'C033413']",ec
DEABEL-A9009WLOK,DQCD0C,/items/DEABELA9009WLOK/000001_1619401524.jpg,/items/DEABELA9009WLOK/000001_1619401524.jpg,六層堆疊鞋架 DIY組合式鞋架 鞋櫃鞋架 鞋子收納盒,"[享居家] 六層堆疊鞋架 DIY組合式鞋架 鞋櫃鞋架 鞋子收納盒\r\n※開放式結構輕鬆移動位置
※pp環保塑料材質
※可直接灑水清洗，簡單方便
※可拆卸組合隨空間擺放使用",469,469,,,,,1,0,"['C033411', 'C034185', 'C033663', 'C033664', 'C033665', 'C033726', 'C033728', 'C033733', 'C033731', 'C033730', 'C033732', 'C033666', 'C033667', 'C033668', 'C034177', 'C034206', 'C034207', 'C034208', 'C034220', 'C033670', 'C033669', 'C033671', 'C034221', 'C034222', 'C034223', 'C033727', 'C033729', 'C033412', 'C034224', 'C034225', 'C033413']",ec
DEABHV-A900FEAXO,DQCD3G,/items/DEABHVA900FEAXO/000001_1660641223.jpg,/items/DEABHVA900FEAXO/000001_1660641223.jpg,《HOPMA》艾爾五層一掀門鞋櫃-漂流木配白,"《HOPMA》艾爾五層一掀門鞋櫃-漂流木配白\r\n。mit台灣製造
。diy自行組裝 
。可調式活動層板。30.5cm內深好收納
。導圓角貼心安全設計",999,999,,,,,1,0,"['C033411', 'C034177', 'C033412', 'C033413']",ec
DEDD2K-A900AXV0C,DQCD0C,/items/DEDD2KA900AXV0C/000001_1603272916.jpg,/items/DEDD2KA900AXV0C/000001_1603272916.jpg,[諳木藏庫]大容量儲物鞋架(鞋架/鞋櫃/置物架),"[諳木藏庫]大容量儲物鞋架\r\n上層置物檯面 儲物櫃設計 
多層設計 方便分類放置鞋子
細膩貼面 不易刮傷",699,699,,,,,1,0,[],ec
DEABHV-A9009NWU1,DQCD3G,/items/DEABHVA9009NWU1/000001_1663580488.jpg,/items/DEABHVA9009NWU1/000001_1663580488.jpg,《HOPMA》樂活加深款三門五層鞋櫃-白櫻桃,"《HOPMA》樂活加深款三門五層鞋櫃-白櫻桃\r\n★金屬質感把手
★磁扣開合設計
★層板半圓孔溝槽固定不滑動
★加深款大容量收納

►白櫻桃
►拼版柚木",1068,1068,,,,,1,0,"['C033411', 'C034177', 'C033412', 'C033413']",ec
DEABHV-A900B0RK1,DQCD3G,/items/DEABHVA900B0RK1/000001_1606789912.jpg,/items/DEABHVA900B0RK1/000001_1606789912.jpg,《HOPMA》加大加深款二門高鞋櫃-漂流木,"《HOPMA》加大加深款二門高鞋櫃-漂流木\r\n★mit台灣製造★diy自行組裝
★可調整門版活頁
★40雙加深大容量大空間
★透氣孔設計鞋櫃通風不悶臭",2299,2299,,,,,1,0,"['C033411', 'C034177', 'C033412', 'C033413']",ec
DEABJA-A900F77O3,DQCD3E,/items/DEABJAA900F77O3/000001_1655704780.jpg,/items/DEABJAA900F77O3/000001_1655704780.jpg,TZUMii佐藤雙門鞋櫃,"TZUMii佐藤雙門鞋櫃\r\n●居家必備款
●活動板自由調整高度
●奶茶色門把，質感提升
●大容量收納空間",799,799,,,,,1,0,"['C033411', 'C033726', 'C033728', 'C033733', 'C033731', 'C033730', 'C033732', 'C034177', 'C034206', 'C034207', 'C034208', 'C034220', 'C034221', 'C034222', 'C034223', 'C033727', 'C033729', 'C033412', 'C034224', 'C034225', 'C033413']",ec
DEABHV-A90091YEP,DQCD3G,/items/DEABHVA90091YEP/000001_1611108666.jpg,/items/DEABHVA90091YEP/000001_1611108666.jpg,《HOPMA》樂活三門五層鞋櫃-拼版柚木,"《HOPMA》樂活三門五層鞋櫃-拼版柚木\r\n★mit台灣製造
★diy自行組裝
★霧黑金屬質感把手
★高質感實木腳設計


◤淺橡木
◤拼版柚木",1180,1180,,,,,1,0,"['C033411', 'C033733', 'C033732', 'C034177', 'C033412', 'C033413']",ec
DEABJA-A900AXATM,DQCD3E,/items/DEABJAA900AXATM/000001_1680745694.jpg,/items/DEABJAA900AXATM/000001_1680745694.jpg,TZUMii雙門十層鞋櫃-白色,"TZUMii雙門十層鞋櫃-白色\r\n●大容量10層可收納
●半開放式結合使用更便利
●結構穩固不易搖晃

★其他規格選擇★►胡桃木色►白色►淺橡木色",1499,1499,,,,,1,0,[],ec
DEDB8L-A900B6OGQ,DQCD00,/items/DEDB8LA900B6OGQ/000001_1615440046.jpg,/items/DEDB8LA900B6OGQ/000001_1615440046.jpg,【fioJa費歐家】5門10層大容量上掀式鞋櫃(收納/置物),"【fioJa費歐家】5門10層大容量掀式多層鞋櫃(收納/置物)\r\n掀蓋式附門設計，防塵保護愛鞋有專屬的空間~
在視覺上也可以讓空間更加簡潔美觀！

加大加寬設計，適合不同收納、置物、鞋櫃…等都好放喔~
中間層固定板設計，增加鞋櫃結構的穩固性，使用更安全~

下單前可參考組裝影片
檔案名稱:組裝上掀式置物櫃 鞋櫃
https:  youtu.be 8no85toychk",998,998,,,,,1,0,"['C033411', 'C033726', 'C033728', 'C033733', 'C033731', 'C033730', 'C033732', 'C034177', 'C034206', 'C034207', 'C034208', 'C034220', 'C034221', 'C034222', 'C034223', 'C033727', 'C033729', 'C033412', 'C034224', 'C034225', 'C033413']",ec
DEABHV-A900BM3R4,DQCD3G,/items/DEABHVA900BM3R4/000001_1627530809.jpg,/items/DEABHVA900BM3R4/000001_1627530809.jpg,《HOPMA》現代工業組合式五層鞋櫃/鞋架/置物架,"《HOPMA》現代工業組合式五層鞋櫃/鞋架/置物架\r\n。mit台灣製造。diy商品
。歐盟等級e1塑合板
。可放18雙鞋
。簍空設計達到通風透氣效果",518,518,,,,,1,0,"['C033411', 'C034177', 'C033412', 'C033413']",ec
DEABIK-A9009HMA3,DQCD3H,/items/DEABIKA9009HMA3/000001_1539745364.jpg,/items/DEABIKA9009HMA3/000001_1539745364.jpg,【ikloo】上掀式收納鞋櫃/穿鞋椅◆原木色◆,"【ikloo】上掀式收納鞋櫃/穿鞋椅◆原木色◆\r\n坐式設計 舒適好穿鞋
穿鞋椅+鞋櫃收納雙功能
可掀式隱藏儲物收納設計

▼其他顏色選購
►原木色
►胡桃色",762,762,,,,,1,0,"['C033411', 'C034185', 'C033663', 'C033664', 'C033665', 'C033726', 'C033728', 'C033733', 'C033731', 'C033730', 'C033732', 'C033666', 'C033667', 'C033668', 'C034177', 'C034206', 'C034207', 'C034208', 'C034220', 'C033670', 'C033669', 'C033671', 'C034221', 'C034222', 'C034223', 'C033727', 'C033729', 'C033412', 'C034224', 'C034225', 'C033413']",ec
DEDB8A-A900D8J55,DQCD28,/items/DEDB8AA900D8J55/000001_1642068212.jpg,/items/DEDB8AA900D8J55/000001_1642068212.jpg,ASSARI-防潮防蛀塑鋼緩衝雙門鞋櫃(寬65x深33x高117cm),"ASSARI-防潮防蛀塑鋼緩衝雙門鞋櫃(寬65x深33x高117cm)\r\n100%整組可水洗	
緩衝設計不夾手	
防水防潮材質，防白蟻抗腐蝕	
免組裝 專人送到府",1516,1516,,,,,1,0,"['C033411', 'C034177', 'C033412', 'C033413']",ec
DEABHV-A900FZ0XE,DQCD3G,/items/DEABHVA900FZ0XE/000001_1675305078.jpg,/items/DEABHVA900FZ0XE/000001_1675305078.jpg,《HOPMA》實木腳滑門鞋櫃 玄關櫃 收納櫃 邊櫃 鞋架-黑胡桃配拼版柚木,"《HOPMA》實木腳滑門鞋櫃 玄關櫃 收納櫃 邊櫃 鞋架-黑胡桃配拼版柚木\r\n◆產品特色
。mit台灣製造
。diy自行組裝 
。可調滑門間隙滑輪
。美背設計
。透氣孔設計",2150,2150,,,,,1,0,"['C033411', 'C034177', 'C033412', 'C033413']",ec
DEABJA-A900FHN58,DQCD3E,/items/DEABJAA900FHN58/000001_1663212336.jpg,/items/DEABJAA900FHN58/000001_1663212336.jpg,TZUMii波爾高四門鞋櫃-雙色可選,"TZUMii波爾高四門鞋櫃-雙色可選\r\n●附門設計防塵效果佳
●簡約時尚雙色搭配
●活動板可依需求調整高度
●門把設計好開關",1899,1899,,,,,1,0,"['C033411', 'C033726', 'C033728', 'C033733', 'C033731', 'C033730', 'C033732', 'C034177', 'C033727', 'C033729', 'C033412', 'C033413']",ec
DEABHV-A900AK0CC,DQCD3G,/items/DEABHVA900AK0CC/000001_1584340298.jpg,/items/DEABHVA900AK0CC/000001_1584340298.jpg,《HOPMA》樂活雙門四格鞋櫃-楓木配白,"《HOPMA》樂活雙門四層鞋櫃-楓木配白\r\n■ 磁扣開合設計
■ 層板半圓孔溝槽固定不滑動
■ 香菇造形趣味把手",768,768,,,,,1,0,"['C033411', 'C034177', 'C033412', 'C033413']",ec
DEABHV-A900FXU69,DQCD3G,/items/DEABHVA900FXU69/000001_1673839826.jpg,/items/DEABHVA900FXU69/000001_1673839826.jpg,《HOPMA》合馬雙門鞋櫃 玄關櫃 收納櫃 置物邊櫃 鞋架-白橡配白,"《HOPMA》合馬雙門鞋櫃 玄關櫃 收納櫃 置物邊櫃 鞋架-白橡配白\r\n金屬質感把手
磁扣開合設計
層板半圓孔溝槽固定不滑動
附腳粒保護地板被刮傷
防撞墊片貼心設計",858,858,,,,,1,0,[],ec
DEAB6G-A63832626,DQCD3E,/items/DEAB6GA63832626/000001_1614651523.jpg,/items/DEAB6GA63832626/000001_1614651523.jpg,柏拉圖現代雙門鞋櫃,"柏拉圖現代雙門鞋櫃\r\n約可放15雙鞋(鞋款不同將造成誤差)
■雙門設計，隔絕灰塵髒汙
■ 採塑合板，堅固耐用
■ 活動板層，隨意調整高度
■ 靴類 涼鞋 球鞋妥善收納
■ 尺寸：61.7寬 x 32.5深 x 89高 cm",899,899,,,,,1,0,"['C033411', 'C033726', 'C033728', 'C033733', 'C033731', 'C033730', 'C033732', 'C034177', 'C034206', 'C034207', 'C034208', 'C033727', 'C033729', 'C033412', 'C033413']",ec
DEABHV-A900AK0C9,DQCD3G,/items/DEABHVA900AK0C9/000001_1584340252.jpg,/items/DEABHVA900AK0C9/000001_1584340252.jpg,《HOPMA》樂活雙門四格鞋櫃-胡桃木,"《HOPMA》樂活雙門四層鞋櫃-胡桃木\r\n■ 磁扣開合設計
■ 層板半圓孔溝槽固定不滑動
■ 香菇造形趣味把手",768,768,,,,,1,0,"['C033411', 'C034177', 'C033412', 'C033413']",ec
DEABHV-A900FRQIX,DQCD3G,/items/DEABHVA900FRQIX/000001_1669086226.jpg,/items/DEABHVA900FRQIX/000001_1669086226.jpg,《HOPMA》樂活四門五層鞋櫃-拼版柚木,"《HOPMA》樂活四門五層鞋櫃-拼版柚木\r\n。mit台灣製 
。diy自行組裝 
。活動板設計方便依鞋子調整高度 

◤淺橡木
◤拼版柚木",1318,1318,,,,,1,0,"['C033411', 'C034177', 'C033412', 'C033413']",ec
DEABJA-A900AXDER,DQCD3E,/items/DEABJAA900AXDER/000001_1680745673.jpg,/items/DEABJAA900AXDER/000001_1680745673.jpg,TZUMii雙門十層鞋櫃-淺橡木色,"TZUMii雙門十層鞋櫃-淺橡木色\r\n●大容量10層可收納
●半開放式結合使用更便利
●結構穩固不易搖晃

★其他規格選擇★►胡桃木色►白色►淺橡木色",1499,1499,,,,,1,0,[],ec
DEABHV-A900AT89Z,DQCD3G,/items/DEABHVA900AT89Z/000001_1597133479.jpg,/items/DEABHVA900AT89Z/000001_1597133479.jpg,《HOPMA》日式雙門六層鞋櫃-漂流木,"《HOPMA》日式雙門六層鞋櫃-漂流木\r\nmit台灣製造 diy傢具
金屬質感把手
磁扣開合設計
層板半圓孔溝槽固定不滑動
附腳粒保護地板被刮傷",1080,1080,,,,,1,0,"['C033411', 'C034177', 'C033412', 'C033413']",ec
DEABHV-A900B9S3E,DQCD3G,/items/DEABHVA900B9S3E/000001_1645502246.jpg,/items/DEABHVA900B9S3E/000001_1645502246.jpg,《HOPMA》加大加深款二門鞋櫃-白櫻桃,"《HOPMA》加大加深款二門鞋櫃-白櫻桃\r\n。mit台灣製 
。diy自行組裝 
。可調整門板活頁
。高質感實木腳設計
。霧黑質感把手
。透氣孔設計

▼兩色可選▼
白櫻桃拼版柚木",1538,1538,,,,,1,0,"['C033411', 'C034177', 'C033412', 'C033413']",ec
DEABHV-A900EX11S,DQCD3G,/items/DEABHVA900EX11S/000001_1650261652.jpg,/items/DEABHVA900EX11S/000001_1650261652.jpg,《HOPMA》典雅大容量通風滑門鞋櫃/收納櫃/置物櫃/玄關櫃,"《HOPMA》典雅大容量通風滑門鞋櫃/收納櫃/置物櫃/玄關櫃\r\n。mit台灣製造。diy自行組裝 
。可調滑門間隙滑輪。美背設計
。透氣孔設計",2180,2180,,,,,1,0,"['C033411', 'C034177', 'C033412', 'C033413']",ec
DEABHV-A90091YDP,DQCD3G,/items/DEABHVA90091YDP/000001_1530842712.jpg,/items/DEABHVA90091YDP/000001_1530842712.jpg,《HOPMA》樂活三門五層鞋櫃-淺橡木,"《HOPMA》樂活三門五層鞋櫃-淺橡木\r\n★mit台灣製造
★diy自行組裝
★霧黑金屬質感把手
★高質感實木腳設計

◤淺橡木
◤拼版柚木",1180,1180,,,,,1,0,"['C033411', 'C033733', 'C033732', 'C034177', 'C033412', 'C033413']",ec
DEABHV-A9007NME9,DQCD3G,/items/DEABHVA9007NME9/000001_1557813544.jpg,/items/DEABHVA9007NME9/000001_1557813544.jpg,《Hopma》雅品雙開四門鞋櫃,"《Hopma》雅品雙開四門鞋櫃\r\n。mit台灣製
。diy自行組裝
。活動板設計調整高度
。深度32cm男鞋也可放
。附門設計讓愛鞋阻隔灰塵",1550,1550,,,,,1,0,"['C033411', 'C034177', 'C033412', 'C033413']",ec
DEAB4Q-A900AG8RU,DQCD00,/items/DEAB4QA900AG8RU/000001_1606196535.jpg,/items/DEAB4QA900AG8RU/000001_1606196535.jpg,【掀蓋式多層組合鞋櫃】6層 防塵,"掀蓋式多層組合鞋櫃6層 防塵鞋櫃 透明鞋櫃\r\n- 透明掀蓋設計，防塵美觀，一目了然
- 軟質隔板，金屬骨架，抗壓耐用
- 活動隔板，多變化組合，多變化空間

➤本頁面為-6層3門-款 (無雨傘架)

另可選購其他款式
掀蓋式多層組合鞋櫃10層
掀蓋式多層組合鞋櫃8層",680,680,,,,,1,0,"['C033411', 'C034185', 'C033663', 'C033664', 'C033665', 'C033726', 'C033728', 'C033733', 'C033731', 'C033730', 'C033732', 'C033666', 'C033667', 'C033668', 'C034177', 'C034206', 'C034207', 'C034208', 'C034220', 'C033670', 'C033669', 'C033671', 'C034221', 'C034222', 'C034223', 'C033727', 'C033729', 'C033412', 'C034224', 'C034225', 'C033413']",ec
DEABJA-A900AXDH8,DQCD3E,/items/DEABJAA900AXDH8/000001_1680745653.jpg,/items/DEABJAA900AXDH8/000001_1680745653.jpg,TZUMii雙門十層鞋櫃-胡桃木色,"TZUMii雙門十層鞋櫃-胡桃木色\r\n●大容量10層可收納
●半開放式結合使用更便利
●結構穩固不易搖晃

★其他規格選擇★►胡桃木色►白色►淺橡木色",1499,1499,,,,,1,0,[],ec
DEABHV-A900C7DA1,DQCD3G,/items/DEABHVA900C7DA1/000001_1640663364.jpg,/items/DEABHVA900C7DA1/000001_1640663364.jpg,《HOPMA》復刻經典六層鞋櫃/收納櫃/置物櫃/玄關櫃,"《HOPMA》復刻經典六層鞋櫃/收納櫃/置物櫃/玄關櫃\r\n。mit台灣製造。diy自行組裝 
。可調式活動層板。30.5cm內深好收納
。導圓角貼心安全設計",929,929,,,,,1,0,"['C033411', 'C034177', 'C033412', 'C033413']",ec
DEABHV-A9009UFZ5,DQCD3G,/items/DEABHVA9009UFZ5/000001_1564122468.jpg,/items/DEABHVA9009UFZ5/000001_1564122468.jpg,《HOPMA》樂活鄉村四層鞋櫃-黑胡桃,"《HOPMA》樂活鄉村四層鞋櫃-黑胡桃\r\nmit台灣製造 diy傢具
金屬質感把手
磁扣開合設計
層板半圓孔溝槽固定不滑動
附腳粒保護地板被刮傷",850,850,,,,,1,0,"['C033411', 'C033733', 'C033732', 'C034177', 'C033412', 'C033413']",ec
DEABHV-A900AY7NY,DQCD3G,/items/DEABHVA900AY7NY/000001_1603768033.jpg,/items/DEABHVA900AY7NY/000001_1603768033.jpg,《HOPMA》加大加深款二門高鞋櫃-胡桃木色,"《HOPMA》加大加深款二門高鞋櫃-胡桃木色\r\n★mit台灣製造★diy自行組裝
★可調整門版活頁
★40雙加深大容量大空間
★透氣孔設計鞋櫃通風不悶臭",2299,2299,,,,,1,0,"['C033411', 'C034177', 'C033412', 'C033413']",ec
DEDB8M-A900F3V90,DQCD01,/items/DEDB8MA900F3V90/000001_1653730045.jpg,/items/DEDB8MA900F3V90/000001_1653730045.jpg,BuyJM低甲醛開放式六層鞋櫃(寬81公分),"BuyJM低甲醛開放式六層鞋櫃(寬81公分)\r\n‧六層分層，大容量收納
‧低甲醛板材使用安心
‧開放式收納，取物方便
‧台灣製造，品質有保障",1500,1500,,,,,1,0,"['C033411', 'C033726', 'C033728', 'C033733', 'C033731', 'C033730', 'C033732', 'C034177', 'C033727', 'C033729', 'C033412', 'C033413']",ec
DEDB8A-A900D8HP4,DQCD28,/items/DEDB8AA900D8HP4/000001_1642067725.jpg,/items/DEDB8AA900D8HP4/000001_1642067725.jpg,ASSARI-防潮防蛀塑鋼緩衝雙門鞋櫃(寬65x深37x高112cm),"ASSARI-防潮防蛀塑鋼緩衝雙門鞋櫃(寬65x深37x高112cm)\r\n100%整組可水洗	
緩衝設計不夾手	
防水防潮材質，防白蟻抗腐蝕	
免組裝 專人送到府",1516,1516,,,,,1,0,"['C033411', 'C034177', 'C033412', 'C033413']",ec
DEABHV-A900AT88U,DQCD3G,/items/DEABHVA900AT88U/000001_1597133325.jpg,/items/DEABHVA900AT88U/000001_1597133325.jpg,《HOPMA》日式雙門六層鞋櫃-黑胡桃,"《HOPMA》日式雙門六層鞋櫃-黑胡桃\r\nmit台灣製造 diy傢具
金屬質感把手
磁扣開合設計
層板半圓孔溝槽固定不滑動
附腳粒保護地板被刮傷",1080,1080,,,,,1,0,"['C033411', 'C034177', 'C033412', 'C033413']",ec
DEABHV-A900FV68X,DQCD3G,/items/DEABHVA900FV68X/000001_1671679953.jpg,/items/DEABHVA900FV68X/000001_1671679953.jpg,《HOPMA》實木腳滑門鞋櫃 玄關櫃 收納櫃 邊櫃 鞋架-淺橡木(漂流木)配木紋白,"《HOPMA》實木腳滑門鞋櫃 玄關櫃 收納櫃 邊櫃 鞋架-淺橡木(漂流木)配木紋白\r\n◆產品特色
。mit台灣製造
。diy自行組裝 
。可調滑門間隙滑輪
。美背設計
。透氣孔設計",2150,2150,,,,,1,0,"['C033411', 'C034177', 'C033412', 'C033413']",ec
DEABHV-A900FRQ7G,DQCD3G,/items/DEABHVA900FRQ7G/000001_1669081771.jpg,/items/DEABHVA900FRQ7G/000001_1669081771.jpg,《HOPMA》樂活加深款二門五格鞋櫃-拼版柚木色,"《HOPMA》樂活加深款二門五格鞋櫃-拼版柚木色\r\n★金屬質感把手
★磁扣開合設計
★層板半圓孔溝槽固定不滑動
★加深款大容量收納

►白櫻桃
►拼版柚木",1018,1018,,,,,1,0,"['C033411', 'C034177', 'C033412', 'C033413']",ec
DEABHV-A900BR05K,DQCD3G,/items/DEABHVA900BR05K/000001_1631073376.jpg,/items/DEABHVA900BR05K/000001_1631073376.jpg,《HOPMA》復古質感多層五格鞋櫃/收納櫃/置物櫃,"《HOPMA》復古質感多層五格鞋櫃/收納櫃/置物櫃\r\n。mit台灣製造
。diy自行組裝 
。門板三向封邊
。活動式層板
。伸縮轉軸設計",1199,1199,,,,,1,0,"['C033411', 'C034177', 'C033412', 'C033413']",ec
DEABJA-A9006UGF1,DQCD3E,/items/DEABJAA9006UGF1/000001_1617675486.jpg,/items/DEABJAA9006UGF1/000001_1617675486.jpg,TZUMii 胡桃木色雙門鞋櫃,"TZUMii 胡桃木色雙門鞋櫃\r\n雙門5層收納 
分層分類容量大 
隔板可自行調整 
小空間收納的幫手",799,799,,,,,1,0,[],ec
DEABHV-A900AUISC,DQCD3G,/items/DEABHVA900AUISC/000001_1645502193.jpg,/items/DEABHVA900AUISC/000001_1645502193.jpg,《HOPMA》加大加深款二門鞋櫃-拼版柚木,"《HOPMA》加大加深款二門鞋櫃-拼版柚木\r\n。mit台灣製 
。diy自行組裝 
。可調整門板活頁
。高質感實木腳設計
。霧黑質感把手
。透氣孔設計

▼兩色可選▼
白櫻桃拼版柚木",1538,1538,,,,,1,0,"['C033411', 'C034177', 'C033412', 'C033413']",ec
DEABHV-A900G037B,DQCD3G,/items/DEABHVA900G037B/000001_1675992766.jpg,/items/DEABHVA900G037B/000001_1675992766.jpg,《HOPMA》和風雙門五層鞋櫃 玄關櫃 收納櫃 置物櫃 鞋架 二門 大容量,"《HOPMA》和風雙門五層鞋櫃 玄關櫃 收納櫃 置物櫃 鞋架 二門 大容量\r\n◆產品特色
。mit台灣製造
。diy自行組裝 
。大空間收納
。活動式層板設計",899,899,,,,,1,0,"['C033411', 'C033733', 'C033732', 'C034177', 'C033412', 'C033413']",ec
DEABHV-A900FX688,DQCD3G,/items/DEABHVA900FX688/000001_1673243071.jpg,/items/DEABHVA900FX688/000001_1673243071.jpg,《HOPMA》復刻經典四層鞋櫃 玄關櫃 開放收納櫃 置物邊櫃 鞋架,"《HOPMA》復刻經典四層鞋櫃 玄關櫃 開放收納櫃 置物邊櫃 鞋架\r\n◆產品特色
。mit台灣製造
。diy自行組裝 
。開放式平台空間
。活動式層板設計",699,699,,,,,1,0,"['C033411', 'C034177', 'C033412', 'C033413']",ec
DEABHV-A900FXUSH,DQCD3G,/items/DEABHVA900FXUSH/000001_1673851032.jpg,/items/DEABHVA900FXUSH/000001_1673851032.jpg,《HOPMA》艾爾四層鞋櫃 玄關櫃 開放收納櫃 置物邊櫃 鞋架-淺橡木(漂流木),"《HOPMA》艾爾四層鞋櫃 玄關櫃 開放收納櫃 置物邊櫃 鞋架-淺橡木(漂流木)\r\n◆產品特色
。mit台灣製造
。diy自行組裝 
。開放式平台空間
。活動式層板設計",718,718,,,,,1,0,"['C033411', 'C034177', 'C033412', 'C033413']",ec
DEAB6G-A900AXH6P,DQCD00,/items/DEAB6GA900AXH6P/000001_1602825935.jpg,/items/DEAB6GA900AXH6P/000001_1602825935.jpg,【fioJa費歐家】5門10層大容量掀式鞋櫃(收納/置物),"【fioJa費歐家】5門10層大容量掀式多層鞋櫃(收納/置物)\r\n掀蓋式附門設計，防塵保護愛鞋有專屬的空間~
在視覺上也可以讓空間更加簡潔美觀！

加大加寬設計，適合不同收納、置物、鞋櫃…等都好放喔~
中間層固定板設計，增加鞋櫃結構的穩固性，使用更安全~",998,998,,,,,1,0,"['C033411', 'C033726', 'C033728', 'C033733', 'C033731', 'C033730', 'C033732', 'C034177', 'C033727', 'C033729', 'C033412', 'C033413']",ec
DEABHV-A900FVNTL,DQCD3G,/items/DEABHVA900FVNTL/000001_1672125157.jpg,/items/DEABHVA900FVNTL/000001_1672125157.jpg,《HOPMA》實木腳滑門鞋櫃 玄關櫃 收納櫃 邊櫃 鞋架-淺橡木(漂流木)配木紋白,"《HOPMA》實木腳滑門鞋櫃 玄關櫃 收納櫃 邊櫃 鞋架-淺橡木(漂流木)配木紋白\r\n◆產品特色
。mit台灣製造
。diy自行組裝 
。可調滑門間隙滑輪
。美背設計
。透氣孔設計",2150,2150,,,,,1,0,"['C033411', 'C034177', 'C033412', 'C033413']",ec
DEABHV-A900FXUR7,DQCD3G,/items/DEABHVA900FXUR7/000001_1673849039.jpg,/items/DEABHVA900FXUR7/000001_1673849039.jpg,《HOPMA》艾爾四層鞋櫃 玄關櫃 開放收納櫃 置物邊櫃 鞋架-黑胡桃配拼版柚木,"《HOPMA》艾爾四層鞋櫃 玄關櫃 開放收納櫃 置物邊櫃 鞋架-黑胡桃配拼版柚木\r\n◆產品特色
。mit台灣製造
。diy自行組裝 
。開放式平台空間
。活動式層板設計",718,718,,,,,1,0,"['C033411', 'C034177', 'C033412', 'C033413']",ec
DEABJA-A900B8X89,DQCD3E,/items/DEABJAA900B8X89/000001_1651039502.jpg,/items/DEABJAA900B8X89/000001_1651039502.jpg,TZUMii收納職人雙門一抽鞋櫃,"TZUMii收納職人雙門一抽鞋櫃\r\n●無把手設計，一按即開門
●層板可依需求調整高低
●ㄇ型擋板放置物品防掉落",1779,1779,,,,,1,0,"['C033411', 'C033726', 'C033728', 'C033733', 'C033731', 'C033730', 'C033732', 'C034177', 'C033727', 'C033729', 'C033412', 'C033413']",ec
DEABHV-A9006KOUJ,DQCD3G,/items/DEABHVA9006KOUJ/000001_1563860778.jpg,/items/DEABHVA9006KOUJ/000001_1563860778.jpg,《Hopma》時尚二門一抽開放式鞋櫃,"《HOPMA》時尚二門一抽開放式鞋櫃\r\n約可放14雙鞋(鞋款不同將造成誤差)
*mit台灣製造
*diy自行組裝
*前後踢腳板設計
*金屬質感把手
*活動板可調整高度",1180,1180,,,,,1,0,"['C033411', 'C034177', 'C033412', 'C033413']",ec
DEABHV-A900G0382,DQCD3G,/items/DEABHVA900G0382/000001_1675992850.jpg,/items/DEABHVA900G0382/000001_1675992850.jpg,《HOPMA》和風多變雙門五層鞋櫃 玄關櫃 收納櫃 置物櫃 鞋架 二門 大容量,"《HOPMA》和風多變雙門五層鞋櫃 玄關櫃 收納櫃 置物櫃 鞋架 二門 大容量\r\n◆產品特色
。mit台灣製造
。diy自行組裝 
。大空間收納
。活動式層板設計",999,999,,,,,1,0,"['C033411', 'C033733', 'C033732', 'C034177', 'C033412', 'C033413']",ec
DEABHV-A900B18XB,DQCD3G,/items/DEABHVA900B18XB/000001_1648015087.jpg,/items/DEABHVA900B18XB/000001_1648015087.jpg,《HOPMA》工業風四門十層鞋櫃-拼版柚木,"《HOPMA》工業風四門十層鞋櫃-拼版柚木\r\ndiy家具
磁扣開合設計
層板半圓孔溝槽固定不滑動
防撞墊片貼心設計
透氣孔設計鞋櫃不悶臭",1388,1388,,,,,1,0,"['C033411', 'C034177', 'C033412', 'C033413']",ec
DEAB4Q-A900ARU80,DQCD01,/items/DEAB4QA900ARU80/000001_1595230617.jpg,/items/DEAB4QA900ARU80/000001_1595230617.jpg,2列6層4門組合鞋櫃 黑色,"2列6層4門組合鞋櫃 黑色 防塵 耐重10Kg 活動隔板\r\n- 防塵透明門 一目了然
- 可拆卸隔板 收納無阻
- 簡約把手 實用美觀
- 加粗骨架 安心承重
- 萬用收納 鞋 包 衣等
- 附贈鐵製烤漆掛勾

選購白色款",959,959,,,,,1,0,"['C033411', 'C034185', 'C033663', 'C033664', 'C033665', 'C033726', 'C033728', 'C033733', 'C033731', 'C033730', 'C033732', 'C033666', 'C033667', 'C033668', 'C034177', 'C034206', 'C034207', 'C034208', 'C033670', 'C033669', 'C033671', 'C033727', 'C033729', 'C033412', 'C033413']",ec
DEAB6G-A900AXH6C,DQCD00,/items/DEAB6GA900AXH6C/000001_1602825488.jpg,/items/DEAB6GA900AXH6C/000001_1602825488.jpg,【fioJa費歐家】3門6層大容量掀式鞋櫃(收納/置物),"【fioJa費歐家】3門6層大容量掀式多層鞋櫃(收納/置物)\r\n掀蓋式附門設計，防塵保護愛鞋有專屬的空間~
在視覺上也可以讓空間更加簡潔美觀！

加大加寬設計，適合不同收納、置物、鞋櫃…等都好放喔~
中間層固定板設計，增加鞋櫃結構的穩固性，使用更安全~",648,648,,,,,1,0,"['C033411', 'C033726', 'C033728', 'C033733', 'C033731', 'C033730', 'C033732', 'C034177', 'C034206', 'C034207', 'C034208', 'C034220', 'C034221', 'C034222', 'C034223', 'C033727', 'C033729', 'C033412', 'C034224', 'C034225', 'C033413']",ec
DEABHV-A900AUVTC,DQCD3G,/items/DEABHVA900AUVTC/000001_1614045969.jpg,/items/DEABHVA900AUVTC/000001_1614045969.jpg,《HOPMA》工業風機能雙門鞋櫃-拼版柚木,"《HOPMA》工業風機能雙門鞋櫃-拼版柚木\r\n★mit台灣製造★diy自行組裝 
★磁扣開合設計
★層板半圓孔溝槽固定不滑動
★附腳粒保護地板被刮傷
★透氣孔設計",959,959,,,,,1,0,"['C033411', 'C034177', 'C033412', 'C033413']",ec
DEDB8H-A900C0JYG,DQCD2I,/items/DEDB8HA900C0JYG/000001_1637573243.jpg,/items/DEDB8HA900C0JYG/000001_1637573243.jpg,【IHouse】SGS 獨家限量款 雙門鞋櫃-六片隔板,"【IHouse】SGS 獨家限量款 雙門鞋櫃-六片隔板\r\n※ 經sgs檢驗認證採環保材質
※ 無毒無甲醛可讓您安心使用
※ 防水防潮材質，可洗不發霉
※ 穩固的矮腳設計",2160,2160,,,,,1,0,"['C033411', 'C034177', 'C033412', 'C033413']",ec
DEDB8Q-A900FSDO0,DQCD05,/items/DEDB8QA900FSDO0/000001_1671436463.jpg,/items/DEDB8QA900FSDO0/000001_1671436463.jpg,BuyJM低甲醛加寬可堆疊附門鞋櫃(寬100公分)收納櫃/隔間櫃,"BuyJM低甲醛加寬可堆疊附門鞋櫃(寬100公分)收納櫃/隔間櫃\r\n‧四門板設計，分層收納
‧8片活動層板，可調整
‧加寬100公分，更好擺放
‧好收納，可擺放20雙鞋
‧可購買多入上下堆疊
‧台灣製造，品質有保障",1780,1780,,,,,1,0,"['C033411', 'C033726', 'C033728', 'C033733', 'C033731', 'C033730', 'C033732', 'C034177', 'C034206', 'C034207', 'C034208', 'C034220', 'C034221', 'C034222', 'C034223', 'C033727', 'C033729', 'C033412', 'C034224', 'C034225', 'C033413']",ec
DEDB5T-A900B2GI9,DQCD0C,/items/DEDB5TA900B2GI9/000001_1609142802.jpg,/items/DEDB5TA900B2GI9/000001_1609142802.jpg,H&R安室家 木製捲簾防塵鞋櫃 BCF51,"H&R安室家 木製捲簾防塵鞋櫃 BCF51\r\n木製高質感，防塵收納鞋架
多功能 大容量 適合外宿租屋者 小資族
木製diy防塵鞋櫃 貼心捲簾設計方便收取
附防塵罩 透氣、防潮又防塵",1099,1099,,,,,1,0,"['C033411', 'C034185', 'C033726', 'C033728', 'C033733', 'C033731', 'C033730', 'C033732', 'C034177', 'C034206', 'C034207', 'C034208', 'C034220', 'C034221', 'C034222', 'C034223', 'C033727', 'C033729', 'C033412', 'C034224', 'C034225', 'C033413']",ec
DEABDE-A900AS87F,DQCD3C,/items/DEABDEA900AS87F/000001_1595591006.jpg,/items/DEABDEA900AS87F/000001_1595591006.jpg,【RICHOME】亞松森雙門透氣鞋櫃,"【RICHOME】亞松森雙門透氣鞋櫃/鞋架/玄關櫃/置物櫃/收納櫃 (工業風棧板設計)\r\n✓ 時尚簡約工業風格造型
✓ 塑合板貼pu防潑水設計
✓ 大容量空間，可收納16雙鞋
✓ 透氣通風孔兼具把手功能
✓ 雙門鞋櫃，有效阻隔灰塵
✓ 可移動層板放置長靴，調整收納空間大小",1980,1980,,,,,1,0,"['C033411', 'C034177', 'C033412', 'C033413']",ec
DEABHV-A900AIEGA,DQCD3G,/items/DEABHVA900AIEGA/000001_1581987074.jpg,/items/DEABHVA900AIEGA/000001_1581987074.jpg,《HOPMA》雅緻機能雙門鞋櫃-拼版柚木,"《HOPMA》雅緻機能雙門鞋櫃-拼版柚木\r\n★mit台灣製造★diy自行組裝 
★磁扣開合設計
★層板半圓孔溝槽固定不滑動
★附腳粒保護地板被刮傷
★透氣孔設計",959,959,,,,,1,0,"['C033411', 'C034177', 'C033412', 'C033413']",ec
DEDB8Z-A900B3WFQ,DQCD0C,/items/DEDB8ZA900B3WFQ/000001_1611133116.jpg,/items/DEDB8ZA900B3WFQ/000001_1611133116.jpg,H&R安室家 日系優雅五層木質鞋櫃 SHF19,"H&R安室家 日系優雅五層木質鞋櫃 SHF19\r\n五層收納空間 
開放式拿取便利 
雙色配色不呆板",999,999,,,,,1,0,"['C033411', 'C034185', 'C033726', 'C033728', 'C033733', 'C033731', 'C033730', 'C033732', 'C034177', 'C034206', 'C034207', 'C034208', 'C034220', 'C034221', 'C034222', 'C034223', 'C033727', 'C033729', 'C033412', 'C034224', 'C034225', 'C033413']",ec
DEAB4Q-A90069U7F,DQCD3E,/items/DEAB4QA90069U7F/000001_1594346834.jpg,/items/DEAB4QA90069U7F/000001_1594346834.jpg,《阿瑞斯》普羅雙門一抽鞋櫃(雙色可選),"《阿瑞斯》普羅雙門一抽鞋櫃(雙色可選)\r\n約可放23雙鞋(鞋款不同將造成誤差)
●左側共有5個層板，1個固定層板，4格活動層板
●右側共有4個層板皆為活動層板
●半開放式設計，輕鬆好拿取
●活動層板，可任意調整空間
●輕日式風格，簡約手把造型",1280,1280,,,,,1,0,"['C033411', 'C033726', 'C033728', 'C033733', 'C033731', 'C033730', 'C033732', 'C034177', 'C034206', 'C034207', 'C034208', 'C034220', 'C034221', 'C034222', 'C034223', 'C033727', 'C033729', 'C033412', 'C034224', 'C034225', 'C033413']",ec
DEDB8T-A900FN0PE,DQCD08,/items/DEDB8TA900FN0PE/000001_1665632653.jpg,/items/DEDB8TA900FN0PE/000001_1665632653.jpg,玄關鞋櫃-2門1抽(多層收納櫃/收納櫃/置物櫃/玄關櫃/鞋櫃收納/簡易鞋櫃/鞋盒/鞋架/層架/置物架),"玄關鞋櫃-2門1抽(多層收納櫃/收納櫃/置物櫃/玄關櫃/鞋櫃收納/簡易鞋櫃/鞋盒/鞋架/層架/置物架)\r\n寬敞置物檯面，裝飾物品隨心擺放，三面加高檔板
按壓隱蔽式櫃門、抽屜，美觀防塵，收納井然有序
層板加深30公分，大尺碼鞋子也能輕鬆放
可斜置層板、層板亦可拆卸，收納不同鞋型
加高底座避免潮濕，同時兼容收納，開放式放鞋區
設有透氣孔，疏通空氣，減少異味產生和發霉

→玄關鞋櫃-3門1抽
→玄關鞋櫃-4門1抽",2133,2133,,,,,1,0,"['C033411', 'C034185', 'C033663', 'C033664', 'C033665', 'C033726', 'C033728', 'C033733', 'C033731', 'C033730', 'C033732', 'C033666', 'C033667', 'C033668', 'C034177', 'C034206', 'C034207', 'C034208', 'C034220', 'C033670', 'C033669', 'C033671', 'C034221', 'C034222', 'C034223', 'C033727', 'C033729', 'C033412', 'C034224', 'C034225', 'C033413']",ec
DEAB4Q-A900AWNHD,DQCD01,/items/DEAB4QA900AWNHD/000001_1661948700.jpg,/items/DEAB4QA900AWNHD/000001_1661948700.jpg,【fioJa 費歐家】 側開式 2列6層 組合鞋櫃 鞋架(鞋櫃 組合鞋櫃 ),"【fioJa 費歐家】 側開式 2列6層 組合鞋櫃 大容量多層組合收納鞋櫃\r\n讓您的鞋子有舒適空間!井然有序的排排站
鞋櫃可調整隔板，自由彈性運用~
收納各尺寸大鞋、小鞋更方便~

大容量多層組合收納鞋櫃，告別到處找鞋，
隔板可自由調整，短靴、長靴皆可輕鬆放置！
拆裝方便。擁有超大容量，完美收納你的愛鞋們！
堅固耐用，品質保證，買就附贈雨傘架喔！",1025,1025,,,,,1,0,"['C033411', 'C033726', 'C033728', 'C033733', 'C033731', 'C033730', 'C033732', 'C034177', 'C034206', 'C034207', 'C034208', 'C034220', 'C034221', 'C034222', 'C034223', 'C033727', 'C033729', 'C033412', 'C034224', 'C034225', 'C033413']",ec
DEABHV-A900FMI6X,DQCD3G,/items/DEABHVA900FMI6X/000001_1664947323.jpg,/items/DEABHVA900FMI6X/000001_1664947323.jpg,《Hopma》木質二門四層收納櫃 儲藏櫃 書櫃 置物櫃 玄關櫃 門櫃 鞋櫃 收藏櫃 美背,"《Hopma》木質二門四層收納櫃 儲藏櫃 書櫃 置物櫃 玄關櫃 門櫃 鞋櫃 收藏櫃 美背\r\n。mit台灣製造
。diy自行組裝 
。美背設計
。可堆疊組合
。活動層板任意擺放",1050,1050,,,,,1,0,"['C033411', 'C034177', 'C033412', 'C033413']",ec
DEAB4Q-A900A5J8S,DQCD00,/items/DEAB4QA900A5J8S/000001_1606196583.jpg,/items/DEAB4QA900A5J8S/000001_1606196583.jpg,【掀蓋式多層組合鞋櫃】8層 防塵,"掀蓋式多層組合鞋櫃8層 防塵鞋櫃 透明鞋櫃\r\n- 透明掀蓋設計，防塵美觀，一目了然
- 軟質隔板，金屬骨架，抗壓耐用
- 活動隔板，多變化組合，多變化空間

➤黑色款附雨傘架 
➤本頁面為-8層4門-款

另可選購其他款式
掀蓋式多層組合鞋櫃10層
掀蓋式多層組合鞋櫃6層",780,780,,,,,1,0,"['C033411', 'C034185', 'C033663', 'C033664', 'C033665', 'C033726', 'C033728', 'C033733', 'C033731', 'C033730', 'C033732', 'C033666', 'C033667', 'C033668', 'C034177', 'C034206', 'C034207', 'C034208', 'C034220', 'C033670', 'C033669', 'C033671', 'C034221', 'C034222', 'C034223', 'C033727', 'C033729', 'C033412', 'C034224', 'C034225', 'C033413']",ec
DEABJA-A900F0D5M,DQCD3E,/items/DEABJAA900F0D5M/000001_1652067945.jpg,/items/DEABJAA900F0D5M/000001_1652067945.jpg,TZUMii佐藤雙門鞋櫃,"TZUMii佐藤雙門鞋櫃\r\n●居家必備款
●活動板自由調整高度
●奶茶色門把，質感提升
●大容量收納空間",799,799,,,,,1,0,"['C033411', 'C033726', 'C033728', 'C033733', 'C033731', 'C033730', 'C033732', 'C034177', 'C034206', 'C034207', 'C034208', 'C034220', 'C034221', 'C034222', 'C034223', 'C033727', 'C033729', 'C033412', 'C034224', 'C034225', 'C033413']",ec
DEDB8Z-A900FHIEC,DQCD0C,/items/DEDB8ZA900FHIEC/000001_1663124333.jpg,/items/DEDB8ZA900FHIEC/000001_1663124333.jpg,【AccessCo】典雅七層鞋櫃_BF-SU980,"【AccessCo】典雅七層鞋櫃_BF-SU980\r\n◆多功能置物鞋櫃，適合小家庭擺放
◆用途廣泛，也可當電話桌使用
◆開放性空間設計，收取輕鬆便利",1199,1199,,,,,1,0,"['C033411', 'C034185', 'C033663', 'C033664', 'C033665', 'C033726', 'C033728', 'C033733', 'C033731', 'C033730', 'C033732', 'C033666', 'C033667', 'C033668', 'C034177', 'C034206', 'C034207', 'C034208', 'C034220', 'C033670', 'C033669', 'C033671', 'C034221', 'C034222', 'C034223', 'C033727', 'C033729', 'C033412', 'C034224', 'C034225', 'C033413']",ec
DEABHV-A900A8POO,DQCD3G,/items/DEABHVA900A8POO/000001_1573699726.jpg,/items/DEABHVA900A8POO/000001_1573699726.jpg,《HOPMA》樂活加深款三門五層鞋櫃-拼版柚木色,"《HOPMA》樂活加深款三門五層鞋櫃-拼版柚木色\r\n★金屬質感把手
★磁扣開合設計
★層板半圓孔溝槽固定不滑動
★加深款大容量收納

►白櫻桃
►拼版柚木",1068,1068,,,,,1,0,"['C033411', 'C034177', 'C033412', 'C033413']",ec
DEDB8Z-A900F2WRJ,DQCD0C,/items/DEDB8ZA900F2WRJ/000001_1653374413.jpg,/items/DEDB8ZA900F2WRJ/000001_1653374413.jpg,LOGIS｜90CM可坐收納鞋架椅 穿鞋椅 鞋櫃 椅凳【Z390】,"90CM可坐收納鞋架椅\r\n影片網址: https:  youtu.be b6i9zvwyqf8
坐墊內高回彈海綿舒適不易塌陷
多層式設計大容量收納
加粗加厚鐵管體架穩固承重強",1680,1680,,,,,1,0,"['C033411', 'C033726', 'C033728', 'C033733', 'C033731', 'C033730', 'C033732', 'C034177', 'C034206', 'C034207', 'C034208', 'C034220', 'C034221', 'C034222', 'C034223', 'C033727', 'C033729', 'C033412', 'C034224', 'C034225', 'C033413']",ec
DEABHV-A900C7DD5,DQCD3G,/items/DEABHVA900C7DD5/000001_1640663567.jpg,/items/DEABHVA900C7DD5/000001_1640663567.jpg,《HOPMA》復刻經典五層一掀門鞋櫃/收納櫃/置物櫃/玄關櫃,"《HOPMA》復刻經典五層一掀門鞋櫃/收納櫃/置物櫃/玄關櫃\r\n。mit台灣製造。diy自行組裝 
。可調式活動層板。30.5cm內深好收納
。導圓角貼心安全設計",999,999,,,,,1,0,"['C033411', 'C034177', 'C033412', 'C033413']",ec
DEDB8P-A900FTK5U,DQCD04,/items/DEDB8PA900FTK5U/000001_1670315224.jpg,/items/DEDB8PA900FTK5U/000001_1670315224.jpg,【慢慢家居】輕奢美背三門一抽大容量收納鞋櫃-4尺加深 (收納櫃 櫥櫃 餐櫃),"【慢慢家居】輕奢美背三門一抽大容量收納鞋櫃-4尺加深 (收納櫃 櫥櫃 餐櫃)\r\n輕奢四尺大容量 經典灰白可選

※金屬把手櫃腳，質感升級
※4層活動層板 自由可調
※層板角度可調整 平行傾斜任選 
※底部加高 空間再利用
※獨創複合背板 自帶透氣孔
※圓弧邊角 安心防撞",2349,2349,,,,,1,0,"['C033411', 'C034177', 'C033412', 'C033413']",ec
DEDDAF-A900AXXIW,DQCD01,/items/DEDDAFA900AXXIW/000001_1662014882.jpg,/items/DEDDAFA900AXXIW/000001_1662014882.jpg,【澄境】MIT加深款雙門五層鞋櫃/收納櫃(2色),"【澄境】MIT加深款雙門五層鞋櫃/收納櫃(2色) 書櫃/置物櫃/玄關櫃\r\n●多元收納空間，可當鞋櫃 書櫃 置物櫃都適用
●雙門+開放式設計，收納更自在
●實木腳質感佳更穩固
●便利磁扣設計，拉門緊密貼合不易脫落
●上方超大置物平台
●加深加寬大容量，男鞋也放得下",1780,1780,,,,,1,0,"['C033411', 'C033726', 'C033728', 'C033733', 'C033731', 'C033730', 'C033732', 'C034177', 'C034206', 'C034207', 'C034208', 'C034220', 'C034221', 'C034222', 'C034223', 'C033727', 'C033729', 'C033412', 'C034224', 'C034225', 'C033413']",ec
DEDB8Q-A900F6X4H,DQCD05,/items/DEDB8QA900F6X4H/000001_1655451761.jpg,/items/DEDB8QA900F6X4H/000001_1655451761.jpg,凱堡 麥格雙門6層單抽鞋櫃 鞋架 鞋櫃 玄關,凱堡 麥格雙門6層單抽鞋櫃 鞋架 鞋櫃 玄關\r\n,1799,1799,,,,,1,0,"['C033411', 'C033726', 'C033728', 'C033733', 'C033731', 'C033730', 'C033732', 'C034177', 'C034206', 'C034207', 'C034208', 'C034220', 'C034221', 'C034222', 'C034223', 'C033727', 'C033729', 'C033412', 'C034224', 'C034225', 'C033413']",ec
DEABJA-A900BRSWJ,DQCD3E,/items/DEABJAA900BRSWJ/000001_1631591897.jpg,/items/DEABJAA900BRSWJ/000001_1631591897.jpg,TZUMii馬可拉門式鞋櫃,"TZUMii馬可拉門式鞋櫃\r\n●顛覆傳統開門設計
●抽拉式開門方式鞋子一目了然
●採用1.5公分板厚堅固耐用",2199,2199,,,,,1,0,[],ec
DEABDE-A900ASHT7,DQCD3C,/items/DEABDEA900ASHT7/000001_1680839273.jpg,/items/DEABDEA900ASHT7/000001_1680839273.jpg,【RICHOME】凱特琳雙門鞋櫃,"【RICHOME】凱特琳雙門鞋櫃/鞋架/玄關櫃/置物櫃/收納櫃(工業風棋盤格設計)\r\n✓ 方格拼貼工業風造型
✓ 塑合板貼pu防潑水設計
✓ 掀蓋式防塵收納小物，實用超方便
✓ 大容量空間，可收納16雙鞋
✓ 透氣孔通風設計，鞋子不悶臭
✓ 雙門鞋櫃，有效阻隔灰塵
✓ 可移動層板放置長靴，調整收納空間大小",2499,2499,,,,,1,0,"['C033411', 'C033733', 'C033732', 'C034177', 'C033412', 'C033413']",ec
DEABJA-A900C4CGN,DQCD3E,/items/DEABJAA900C4CGN/000001_1640232344.jpg,/items/DEABJAA900C4CGN/000001_1640232344.jpg,TZUMii丹尼雙門鞋櫃,"TZUMii 丹尼雙門鞋櫃\r\n●如實木質感門框外型設計
●實木腳挑高設計能輕鬆打掃地面
●超大容量，收納鞋子免煩惱
●系列搭配使居家質感更提升
●mit品質保證",2499,2499,,,,,1,0,"['C033411', 'C033726', 'C033728', 'C033733', 'C033731', 'C033730', 'C033732', 'C034177', 'C034206', 'C034207', 'C034208', 'C034220', 'C034221', 'C034222', 'C034223', 'C033727', 'C033729', 'C033412', 'C034224', 'C034225', 'C033413']",ec
DEABHV-A900FT2HT,DQCD3G,/items/DEABHVA900FT2HT/000001_1669975068.jpg,/items/DEABHVA900FT2HT/000001_1669975068.jpg,《HOPMA》加大加深四門大容量鞋櫃-黑胡桃拼版柚木,"《HOPMA》加大加深四門大容量鞋櫃 玄關櫃 收納櫃 邊櫃 鞋架-黑胡桃拼版柚木\r\n。mit台灣製造
。diy自行組裝 
。可調式活動層板
。透氣孔設計
。霧黑質感把手

▼兩色可選▼
白櫻桃黑胡桃",2550,2550,,,,,1,0,"['C033411', 'C034177', 'C033412', 'C033413']",ec
DEABHV-A900FN2VM,DQCD3G,/items/DEABHVA900FN2VM/000001_1667786348.jpg,/items/DEABHVA900FN2VM/000001_1667786348.jpg,《HOPMA》加大加深四門大容量鞋櫃 玄關櫃 收納櫃 鞋架-白櫻桃,"《HOPMA》加大加深四門大容量鞋櫃-白櫻桃\r\n。mit台灣製造
。diy自行組裝 
。可調式活動層板
。透氣孔設計
。霧黑質感把手

▼兩色可選▼
白櫻桃黑胡桃",2550,2550,,,,,1,0,"['C033411', 'C034177', 'C033412', 'C033413']",ec
DEABQA-A900F3P7B,DQCD3G,/items/DEABQAA900F3P7B/000001_1653643304.jpg,/items/DEABQAA900F3P7B/000001_1653643304.jpg,《HOPMA》雅緻加深款四門鞋櫃/收納櫃/置物櫃/玄關櫃,"《HOPMA》雅緻加深款四門鞋櫃/收納櫃/置物櫃/玄關櫃\r\n。mit台灣製造。diy自行組裝 
。可調式活動層板。透氣孔設計
。霧黑質感把手",2599,2599,,,,,1,0,"['C033411', 'C034177', 'C033412', 'C033413']",ec
QFAA8D-A9009M5KA,DQCD3G,/items/QFAA8DA9009M5KA/000001_1564628592.jpg,/items/QFAA8DA9009M5KA/000001_1564628592.jpg,《HOPMA》簡約開放式十層鞋櫃,"《HOPMA》簡約開放式十層鞋櫃/收納櫃\r\n。mit台灣製 
。diy自行組裝 
。開放式設計
。六片活動層板可依需求調整高度 
。層板半圓孔溝槽固定不滑動",1038,1038,,,,,1,0,"['C033411', 'C034177', 'C033412', 'C033413']",ec
QFAAM0-A900A64CC,DQCD3G,/items/QFAAM0A900A64CC/000001_1564121746.jpg,/items/QFAAM0A900A64CC/000001_1564121746.jpg,《HOPMA》日式雙門四層鞋櫃,"《HOPMA》日式雙門四層鞋櫃/收納櫃\r\nmit台灣製
diy自行組裝
附門設計防塵效果佳
大容量設計最多可收納15雙鞋",838,838,,,,,1,0,"['C033411', 'C033726', 'C033728', 'C033733', 'C033731', 'C033730', 'C033732', 'C034177', 'C034206', 'C034207', 'C034208', 'C034220', 'C034221', 'C034222', 'C034223', 'C033727', 'C033729', 'C033412', 'C034224', 'C034225', 'C033413']",ec
QFAAIN-A9008ZOFW,DQCD3P,/items/QFAAINA9008ZOFW/000001_1591255622.jpg,/items/QFAAINA9008ZOFW/000001_1591255622.jpg,Peachy Life 日系大空間雙門一抽鞋櫃/六層/收納櫃(2色可選),"★小資推薦 日式收納大空間★Peachy Life 日系大空間雙門一抽鞋櫃/六層/收納櫃(5色可選)\r\n超大容量空間設計
更可收納約20雙鞋
單格抽屜可做收納
層板皆可調整高度",1059,1059,,,,,1,0,"['C033411', 'C034185', 'C034177', 'C033412', 'C033413']",ec
QFAA8D-A9008XK8R,DQCD3G,/items/QFAA8DA9008XK8R/000001_1564120598.jpg,/items/QFAA8DA9008XK8R/000001_1564120598.jpg,《HOPMA》多功能開放式五層鞋櫃,"《HOPMA》多功能開放式五層鞋櫃/收納櫃\r\n。mit台灣製造
。diy商品
。歐盟等級e1塑合板
。可放21雙鞋
。簍空設計達到通風透氣效果",530,530,,,,,1,0,"['C033411', 'C034177', 'C033412', 'C033413']",ec
QFAA8D-A9008H8UT,DQCD3G,/items/QFAA8DA9008H8UT/000001_1539253391.jpg,/items/QFAA8DA9008H8UT/000001_1539253391.jpg,《Hopma》雅品雙開四門鞋櫃,"《Hopma》雅品雙開四門鞋櫃/收納櫃\r\n。mit台灣製
。diy自行組裝
。活動板設計調整高度
。深度32cm男鞋也可放
。附門設計讓愛鞋阻隔灰塵
。配送日需5-7個工作天",1580,1580,,,,,1,0,"['C033411', 'C033733', 'C033732', 'C034177', 'C033412', 'C033413']",ec
QFAAM0-A900A6RTS,DQCD3G,/items/QFAAM0A900A6RTS/000001_1565083643.jpg,/items/QFAAM0A900A6RTS/000001_1565083643.jpg,《Hopma》現代雙門六層鞋櫃,"《Hopma》現代雙門六層鞋櫃/透氣/通風\r\n。mit台灣製 
。diy自行組裝 
。磁扣開合設計
。層板半圓孔溝槽固定不滑動
。附腳粒保護地板被刮傷
。透氣孔設計",969,969,,,,,1,0,"['C033411', 'C034177', 'C033412', 'C033413']",ec
CCAA07-A9005SETY,DQCD3G,/items/CCAA07A9005SETY/000001_1561714511.jpg,/items/CCAA07A9005SETY/000001_1561714511.jpg,【Hopma】三門五層鞋櫃,"《Hopma》三門五層鞋櫃/收納櫃\r\n。mit台灣製
。diy自行組裝
。附大小各四片活動板
。附上四顆腳蹄，防止濕氣滲透",1018,1018,,,,,1,0,"['C033411', 'C034177', 'C033412', 'C033413']",ec
QFCB15-A900A8M67,DQCD0C,/items/QFCB15A900A8M67/000001_1567595133.jpg,/items/QFCB15A900A8M67/000001_1567595133.jpg,【家適帝】創新雙骨加穩多格收納鞋櫃 (8層/14格),"【家適帝】創新雙骨加穩多格收納鞋櫃 (8層/14格)\r\n※新一代堅固加厚板材鞋架
※層板可變更位置，適合各種高度的鞋類
※具備兩種小物收納空間，時尚又實用
※占地空間少，充分利用垂直收納
※板材表面多層保護膜，防水耐髒
※日式優雅配色，兩種格數、各三色可選",899,899,,,,,1,0,"['C033411', 'C033726', 'C033728', 'C033733', 'C033731', 'C033730', 'C033732', 'C034177', 'C034206', 'C034207', 'C034208', 'C034220', 'C034221', 'C034222', 'C034223', 'C033727', 'C033729', 'C033412', 'C034224', 'C034225', 'C033413']",ec
QFAA92-A900ACGVI,DQCD2B,/items/QFAA92A900ACGVI/000001_1591865429.jpg,/items/QFAA92A900ACGVI/000001_1591865429.jpg,Boden-克利2尺坐鞋櫃/穿鞋椅,"Boden-克利2尺坐鞋櫃/穿鞋椅\r\n簡約大方造型，質感居家擺設
嚴選防蛀木心板製作，穩固耐用
開放式的設計，節省開合空間
附活動隔板一片，輕鬆調整間距
柔軟舒適的坐墊，坐著穿鞋無負擔
防滑腳粒設計，保護地板不被刮傷
專人送到府／免組裝！

▼共有座鞋櫃│開放鞋櫃可選",2267,2267,,,,,1,0,"['C033411', 'C033733', 'C033732', 'C034177', 'C033412', 'C033413']",ec
QFAA8D-A900923NX,DQCD3G,/items/QFAA8DA900923NX/000001_1530236774.jpg,/items/QFAA8DA900923NX/000001_1530236774.jpg,《HOPMA》穩固大容量高鞋櫃,"《HOPMA》穩固大容量高鞋櫃/透氣/通風\r\n。mit台灣製 
。diy自行組裝 
。深度40公分，可放40雙鞋 
。透氣孔設計 
。五片活動板設計",2189,2189,,,,,1,0,"['C033411', 'C034177', 'C033412', 'C033413']",ec
QFAA8D-A9009RKIA,DQCD3G,/items/QFAA8DA9009RKIA/000001_1629168647.jpg,/items/QFAA8DA9009RKIA/000001_1629168647.jpg,《HOPMA》時尚二門高鞋櫃,"《HOPMA》時尚二門高鞋櫃/透氣/通風\r\n。mit台灣製造
。diy自行組裝 
。層板半圓孔不易滑動
。對流通風孔四入
。可調門板活頁",1399,1399,,,,,1,0,"['C033411', 'C034177', 'C033412', 'C033413']",ec
QFAA8D-A9009M5J6,DQCD3G,/items/QFAA8DA9009M5J6/000001_1543478792.jpg,/items/QFAA8DA9009M5J6/000001_1543478792.jpg,《HOPMA》現代三門五層鞋櫃,"《HOPMA》現代三門五層鞋櫃/收納櫃\r\n。mit台灣製 
。diy自行組裝 
。四片活動層板，可依需求調整高度 
。霧黑金屬質感把手
。實木腳設計",1138,1138,,,,,1,0,"['C033411', 'C033728', 'C033733', 'C033731', 'C033730', 'C033732', 'C034177', 'C033729', 'C033412', 'C033413']",ec
QFAA8D-A9008XPLR,DQCD3G,/items/QFAA8DA9008XPLR/000001_1564121225.jpg,/items/QFAA8DA9008XPLR/000001_1564121225.jpg,《HOPMA》加寬開放式五層鞋櫃,"《HOPMA》加寬開放式五層鞋櫃/收納櫃\r\n。mit台灣製造
。diy商品
。歐盟等級e1塑合板
。可放28雙鞋
。簍空設計達到通風透氣效果",718,718,,,,,1,0,"['C033411', 'C033733', 'C033732', 'C034177', 'C033412', 'C033413']",ec
QFAA8D-A9009NNO9,DQCD3G,/items/QFAA8DA9009NNO9/000001_1544778421.jpg,/items/QFAA8DA9009NNO9/000001_1544778421.jpg,《HOPMA》歐森四門十層鞋櫃,"《HOPMA》歐森四門十層鞋櫃/透氣/通風\r\n。mit台灣製 
。diy自行組裝 
。伸縮轉軸組裝更便利
。磁扣開合設計
。透氣孔貼心設計
。活動層板半圓孔設計不滑動",1299,1299,,,,,1,0,"['C033411', 'C034177', 'C033412', 'C033413']",ec
QFAA8D-A9009B2XN,DQCD3G,/items/QFAA8DA9009B2XN/000001_1534130615.jpg,/items/QFAA8DA9009B2XN/000001_1534130615.jpg,《HOPMA》精選掀蓋收納鞋櫃,"《HOPMA》精選掀蓋收納鞋櫃/透氣/通風/美背\r\n。mit台灣製造
。diy自行組裝 
。霧黑質感把手 
。門板伸縮轉軸設計 
。通風透氣孔設計
。3片活動層板",1038,1038,,,,,1,0,"['C033411', 'C034177', 'C033412', 'C033413']",ec
QFAA8D-A9009QIVX,DQCD3G,/items/QFAA8DA9009QIVX/000001_1573699322.jpg,/items/QFAA8DA9009QIVX/000001_1573699322.jpg,《HOPMA》雅典加深款二門五格鞋櫃,"《HOPMA》雅典加深款二門五格鞋櫃/透氣/通風\r\n。mit台灣製 
。diy自行組裝 
。金屬質感把手
。磁扣開合設計
。層板半圓孔溝槽固定不滑動
。加深款大容量收納",999,999,,,,,1,0,"['C033411', 'C033728', 'C033733', 'C033731', 'C033730', 'C033732', 'C034177', 'C033729', 'C033412', 'C033413']",ec
CCAA07-A68114950,DQCD3E,/items/CCAA07A68114950/000001_1648103473.jpg,/items/CCAA07A68114950/000001_1648103473.jpg,(簡易)五層鞋櫃,"TZUMii超值五層鞋櫃\r\n．五層收納空間
．開放式存取便利
．雙色配色不呆板
．鞋櫃、書櫃..等多用途",799,799,,,,,1,0,"['C033411', 'C033726', 'C033728', 'C033733', 'C033731', 'C033730', 'C033732', 'C034177', 'C034206', 'C034207', 'C034208', 'C033727', 'C033729', 'C033412', 'C033413']",ec
CCAA07-A42291842,DQCD3E,/items/CCAA07A42291842/000001_1648091410.jpg,/items/CCAA07A42291842/000001_1648091410.jpg,《好生活》多功能三門鞋櫃,"TZUMii多功能三門鞋櫃(W80xH84/cm)\r\n‧三門設計磁鐵固定
‧簡單都會風格易於搭配
‧加厚平台可放擺設品、鞋盒
‧白色+原木色帶出迷人的簡約風采
‧附大小活動層板各4+隔板托可調整
pchome聯名卡每週四享6%回饋*(免登錄)～

↑立即申辦，請點圖片了解",999,999,,,,,1,0,"['C033411', 'C033726', 'C033728', 'C033733', 'C033731', 'C033730', 'C033732', 'C034177', 'C034206', 'C034207', 'C034208', 'C034220', 'C034221', 'C034222', 'C034223', 'C033727', 'C033729', 'C033412', 'C034224', 'C034225', 'C033413']",ec
QFAABZ-A900AS878,DQCD3C,/items/QFAABZA900AS878/000001_1595589782.jpg,/items/QFAABZA900AS878/000001_1595589782.jpg,【RICHOME】亞松森雙門透氣鞋櫃,"【RICHOME】亞松森雙門透氣鞋櫃/鞋架/玄關櫃/置物櫃/收納櫃 (工業風棧板設計)\r\n✓ 時尚簡約工業風格造型
✓ 塑合板貼pu防潑水設計
✓ 大容量空間，可收納16雙鞋
✓ 透氣通風孔兼具把手功能
✓ 雙門鞋櫃，有效阻隔灰塵
✓ 可移動層板放置長靴，調整收納空間大小",1999,1999,,,,,1,0,"['C033411', 'C034177', 'C033412', 'C033413']",ec
QFAAM0-A900AI118,DQCD3G,/items/QFAAM0A900AI118/000001_1581415864.jpg,/items/QFAAM0A900AI118/000001_1581415864.jpg,《HOPMA》歐森加深款二門鞋櫃,"《HOPMA》歐森加深款二門鞋櫃/透氣/通風\r\n。mit台灣製 。diy自行組裝 
。可調整門板活頁
。高質感實木腳設計
。霧黑質感把手
。透氣孔設計",1538,1538,,,,,1,0,"['C033411', 'C034177', 'C033412', 'C033413']",ec
QFAAM0-A900A64DN,DQCD3G,/items/QFAAM0A900A64DN/000001_1564121859.jpg,/items/QFAAM0A900A64DN/000001_1564121859.jpg,《HOPMA》日式雙門六層鞋櫃,"《HOPMA》日式雙門六層鞋櫃/收納櫃\r\nmit台灣製
diy自行組裝
附門設計防塵效果佳
大容量設計最多可收納21雙鞋",1068,1068,,,,,1,0,"['C033411', 'C033733', 'C033732', 'C034177', 'C033412', 'C033413']",ec
QFCB15-A900A8M5D,DQCD0C,/items/QFCB15A900A8M5D/000001_1567591920.jpg,/items/QFCB15A900A8M5D/000001_1567591920.jpg,【家適帝】創新雙骨加穩多格收納鞋櫃 2入 (7層/12格),"【家適帝】創新雙骨加穩多格收納鞋櫃 2入 (7層/12格)\r\n※新一代堅固加厚板材鞋架
※層板可變更位置，適合各種高度的鞋類
※具備兩種小物收納空間，時尚又實用
※占地空間少，充分利用垂直收納
※板材表面多層保護膜，防水耐髒
※日式優雅配色，兩種格數、各三色可選",1699,1699,,,,,1,0,"['C033411', 'C033726', 'C033728', 'C033733', 'C033731', 'C033730', 'C033732', 'C034177', 'C033727', 'C033729', 'C033412', 'C033413']",ec
QFAA8D-A9008XPP9,DQCD3G,/items/QFAA8DA9008XPP9/000001_1564121395.jpg,/items/QFAA8DA9008XPP9/000001_1564121395.jpg,《HOPMA》加寬開放式五層鞋櫃-2入,"《HOPMA》加寬開放式五層鞋櫃/收納櫃-2入\r\n。mit台灣製造
。diy商品
。歐盟等級e1塑合板
。可放28雙鞋
。簍空設計達到通風透氣效果",1499,1499,,,,,1,0,"['C033411', 'C033726', 'C033728', 'C033733', 'C033731', 'C033730', 'C033732', 'C034177', 'C033727', 'C033729', 'C033412', 'C033413']",ec
QFAA8D-A9009KF41,DQCD3G,/items/QFAA8DA9009KF41/000001_1670568668.jpg,/items/QFAA8DA9009KF41/000001_1670568668.jpg,《HOPMA》都會四門五層鞋櫃,"《HOPMA》都會四門五層鞋櫃/收納櫃\r\n。mit台灣製 
。diy自行組裝 
。金屬質感把手
。磁扣開合設計
。活動板設計方便依鞋子調整高度 
。層板半圓孔溝槽固定不滑動
。高腳蹄阻隔地板濕氣",1299,1299,,,,,1,0,"['C033411', 'C034177', 'C033412', 'C033413']",ec
QFAA8D-A9009QIVG,DQCD3G,/items/QFAA8DA9009QIVG/000001_1573699420.jpg,/items/QFAA8DA9009QIVG/000001_1573699420.jpg,《HOPMA》雅典加深款三門五層鞋櫃,"《HOPMA》雅典加深款三門五層鞋櫃/透氣/通風\r\n。mit台灣製 
。diy自行組裝 
。金屬質感把手
。磁扣開合設計
。層板半圓孔溝槽固定不滑動
。加深款大容量收納",1068,1068,,,,,1,0,"['C033411', 'C033733', 'C033732', 'C034177', 'C033412', 'C033413']",ec
QFCB15-A900A8M3Z,DQCD0C,/items/QFCB15A900A8M3Z/000001_1567591532.jpg,/items/QFCB15A900A8M3Z/000001_1567591532.jpg,【家適帝】創新雙骨加穩多格收納鞋櫃 (7層/12格),"【家適帝】創新雙骨加穩多格收納鞋櫃 (7層/12格)\r\n※新一代堅固加厚板材鞋架
※層板可變更位置，適合各種高度的鞋類
※具備兩種小物收納空間，時尚又實用
※占地空間少，充分利用垂直收納
※板材表面多層保護膜，防水耐髒
※日式優雅配色，兩種格數、各三色可選",899,899,,,,,1,0,"['C033411', 'C033726', 'C033728', 'C033733', 'C033731', 'C033730', 'C033732', 'C034177', 'C033727', 'C033729', 'C033412', 'C033413']",ec
QFAA8D-A90099577,DQCD3G,/items/QFAA8DA90099577/000001_1532595974.jpg,/items/QFAA8DA90099577/000001_1532595974.jpg,《HOPMA》機能大容量雙門一抽鞋櫃,"《HOPMA》機能大容量雙門一抽鞋櫃/收納櫃\r\n。mit台灣製造
。diy自行組裝 
。可調式層板 
。霧黑質感把手 
。伸縮轉軸設計",1299,1299,,,,,1,0,"['C033411', 'C034177', 'C033412', 'C033413']",ec
CCAA07-A9005SERS,DQCD3G,/items/CCAA07A9005SERS/000001_1563434488.jpg,/items/CCAA07A9005SERS/000001_1563434488.jpg,【Hopma】簡易二門高鞋櫃,"《Hopma》簡易二門高鞋櫃/收納櫃\r\n。mit台灣製
。diy自行組裝
。附門設計防塵效果佳
。活動板可依需求調整高度",1288,1288,,,,,1,0,"['C033411', 'C033728', 'C033733', 'C033731', 'C033730', 'C033732', 'C034177', 'C033729', 'C033412', 'C033413']",ec
QFAA8D-A9008XK7A,DQCD3G,/items/QFAA8DA9008XK7A/000001_1564120814.jpg,/items/QFAA8DA9008XK7A/000001_1564120814.jpg,《HOPMA》多功能開放式五層鞋櫃(2入),"《HOPMA》多功能開放式五層鞋櫃/收納櫃-2入\r\n。mit台灣製造
。diy商品
。歐盟等級e1塑合板
。可放21雙鞋
。簍空設計達到通風透氣效果",988,988,,,,,1,0,"['C033411', 'C033733', 'C033732', 'C034177', 'C033412', 'C033413']",ec
QFAA1Z-A9006UGEU,DQCD3E,/items/QFAA1ZA9006UGEU/000001_1545187754.jpg,/items/QFAA1ZA9006UGEU/000001_1545187754.jpg,《阿瑞斯》便利雙門鞋櫃,"《阿瑞斯》便利雙門鞋櫃\r\n雙門5層收納 
分層分類容量大 
隔板可自行調整 
小空間收納的幫手",799,799,,,,,1,0,[],ec
QFAA9R-A900AEGEC,DQCD3E,/items/QFAA9RA900AEGEC/000001_1575529282.jpg,/items/QFAA9RA900AEGEC/000001_1575529282.jpg,《阿瑞斯》艾拉開放式五層鞋櫃-淺橡木色,"《阿瑞斯》艾拉開放式五層鞋櫃-淺橡木色\r\n● 簡約大容量設計款
● ㄇ字型擋板設計，不怕物品掉落
● 開放式穿換鞋便利
● 適合客廳、玄關各個空間擺置",899,899,,,,,1,0,"['C033411', 'C033726', 'C033728', 'C033733', 'C033731', 'C033730', 'C033732', 'C034177', 'C034206', 'C034207', 'C034208', 'C034220', 'C034221', 'C034222', 'C034223', 'C033727', 'C033729', 'C033412', 'C034224', 'C034225', 'C033413']",ec
CCAA07-A61167801,DQCD3E,/items/CCAA07A61167801/000001_1648100509.jpg,/items/CCAA07A61167801/000001_1648100509.jpg,(好生活)雙門鞋櫃,"TZUMii雙門鞋櫃(2x3尺)\r\n．雙門設計磁鐵固定
．簡單都會風格易於搭配
．平台可放擺設品、鞋盒
．白色+原木色帶出迷人的簡約風采
．附四片活動層板
-----------------------
▼同系列共有原木色│胡桃木可選",699,699,,,,,1,0,"['C033411', 'C033726', 'C033728', 'C033733', 'C033731', 'C033730', 'C033732', 'C034177', 'C034206', 'C034207', 'C034208', 'C034220', 'C034221', 'C034222', 'C034223', 'C033727', 'C033729', 'C033412', 'C034224', 'C034225', 'C033413']",ec
QFAAM0-A900A64B6,DQCD3G,/items/QFAAM0A900A64B6/000001_1564017190.jpg,/items/QFAAM0A900A64B6/000001_1564017190.jpg,《HOPMA》雙門四層鞋櫃,"《HOPMA》雙門四層鞋櫃/收納櫃\r\nmit台灣製
diy自行組裝
附門設計防塵效果佳
二片活動板可以依需求自由調整收",750,750,,,,,1,0,"['C033411', 'C033733', 'C033732', 'C034177', 'C033412', 'C033413']",ec
CCAA07-A9005SFGR,DQCD3G,/items/CCAA07A9005SFGR/000001_1563860221.jpg,/items/CCAA07A9005SFGR/000001_1563860221.jpg,【Hopma】組合式四門鞋櫃,"【Hopma】組合式四門鞋櫃/收納櫃\r\n。mit台灣製
。diy自行組裝
。活動板設計調整高度
。附門設計讓愛鞋阻隔灰塵",1138,1138,,,,,1,0,"['C033411', 'C033733', 'C033732', 'C034177', 'C033412', 'C033413']",ec
CCAA07-A9005SEHA,DQCD3G,/items/CCAA07A9005SEHA/000001_1561606550.jpg,/items/CCAA07A9005SEHA/000001_1561606550.jpg,【Hopma】雙門六格鞋櫃,"《Hopma》雙門六格鞋櫃/收納櫃\r\n。mit台灣製
。diy自行組裝
。附門設計防塵效果佳
。大容量設計最多可收納18雙鞋",868,868,,,,,1,0,"['C033411', 'C034177', 'C033412', 'C033413']",ec
QFAA9K-A90092JHP,DQCD01,/items/QFAA9KA90092JHP/000001_1653618081.jpg,/items/QFAA9KA90092JHP/000001_1653618081.jpg,【澄境】日系雙門六層大容量收納鞋櫃,"附組裝影片【澄境】日系雙門六層大容量收納鞋櫃(2色) 書櫃/玄關櫃/置物櫃/收納櫃\r\n◆ 台灣嚴製精品 
◆ 鞋櫃層板貼心可調整 
◆ 防潑水材質提高清潔簡易度 
◆ 溫馨無壓力色彩 
◆ 增加小抽屜提高收納性",1280,1280,,,,,1,0,"['C033411', 'C033726', 'C033728', 'C033733', 'C033731', 'C033730', 'C033732', 'C034177', 'C034206', 'C034207', 'C034208', 'C034220', 'C034221', 'C034222', 'C034223', 'C033727', 'C033729', 'C033412', 'C034224', 'C034225', 'C033413']",ec
QFAA9R-A900AEGCS,DQCD3E,/items/QFAA9RA900AEGCS/000001_1575528846.jpg,/items/QFAA9RA900AEGCS/000001_1575528846.jpg,《阿瑞斯》艾拉開放式五層鞋櫃-胡桃木色,"《阿瑞斯》艾拉開放式五層鞋櫃-胡桃木色\r\n● 簡約大容量設計款
● ㄇ字型擋板設計，不怕物品掉落
● 開放式穿換鞋便利
● 適合客廳、玄關各個空間擺置",899,899,,,,,1,0,"['C033411', 'C033726', 'C033728', 'C033733', 'C033731', 'C033730', 'C033732', 'C034177', 'C034206', 'C034207', 'C034208', 'C034220', 'C034221', 'C034222', 'C034223', 'C033727', 'C033729', 'C033412', 'C034224', 'C034225', 'C033413']",ec
QFAA9R-A9008GH1A,DQCD3E,/items/QFAA9RA9008GH1A/000001_1507257614.jpg,/items/QFAA9RA9008GH1A/000001_1507257614.jpg,《阿瑞斯》日式簡約雙門鞋櫃-胡桃木,"《阿瑞斯》日式簡約雙門鞋櫃-胡桃木\r\n●日式簡約雙門設計
●五層大空間收納
●堅固耐用，附門隔絕灰塵
-----------------------
▼同系列共有原木色│胡桃木可選",699,699,,,,,1,0,"['C033411', 'C033726', 'C033728', 'C033733', 'C033731', 'C033730', 'C033732', 'C034177', 'C034206', 'C034207', 'C034208', 'C034220', 'C034221', 'C034222', 'C034223', 'C033727', 'C033729', 'C033412', 'C034224', 'C034225', 'C033413']",ec
DEABIK-A9007YXY3,DQCD3H,/items/DEABIKA9007YXY3/000001_1489654452.jpg,/items/DEABIKA9007YXY3/000001_1489654452.jpg,【ikloo】輕巧多變四層防塵鞋櫃(黑),"限時促銷↘原$599【ikloo】輕巧多變四層防塵鞋櫃(黑)\r\n►組裝 拆解都簡單，搬家超方便 
►隱約式通風設計，不悶臭 
►橫放收納鞋子，直立放可收納長靴或雨傘 
►可當置物櫃、衣櫥矮櫃使用",408,408,,,,,1,0,"['C033411', 'C034185', 'C033663', 'C033664', 'C033665', 'C033726', 'C033728', 'C033733', 'C033731', 'C033730', 'C033732', 'C033666', 'C033667', 'C033668', 'C034177', 'C034206', 'C034207', 'C034208', 'C033670', 'C033669', 'C033671', 'C033727', 'C033729', 'C033412', 'C033413']",ec
QFAAKZ-A900ABG2Q,DQCD28,/items/QFAAKZA900ABG2Q/000001_1626773608.jpg,/items/QFAAKZA900ABG2Q/000001_1626773608.jpg,ASSARI-玩色雙門2尺鞋櫃(寬62深34高105cm),"限時降▼原價$3360ASSARI-玩色雙門2尺鞋櫃(寬62深34高105cm)\r\n高質感全防蛀木芯板	
內附隔板五片	
免搬運免組裝",2700,2700,,,,,1,0,"['C033411', 'C034177', 'C033412', 'C033413']",ec
DEABDE-A900BB5MT,DQCD3C,/items/DEABDEA900BB5MT/000001_1619698374.jpg,/items/DEABDEA900BB5MT/000001_1619698374.jpg,【RICHOME】米德蘭鏡面玄關鞋櫃,"【RICHOME】米德蘭鏡面玄關鞋櫃/鞋架/玄關櫃/置物櫃/收納櫃/鏡面櫃 (梳妝鏡面設計)\r\n✓ 高180公分經典木紋玄關置物收納
✓ 頂層空櫃設計，可放置物品
✓ 雙掛勾設計，吊掛衣帽好方便
✓ 底層抽屜收納，滑軌設計順暢開關
✓ 可平坐於置物檯，當穿鞋椅使用",2888,2888,,,,,1,0,"['C033411', 'C034177', 'C033412', 'C033413']",ec
QFAAL2-A900ARNKX,DQCD28,/items/QFAAL2A900ARNKX/000001_1594888059.jpg,/items/QFAAL2A900ARNKX/000001_1594888059.jpg,ASSARI-防潮防蛀塑鋼緩衝單門置物鞋櫃(寬44x深34x高117cm),"限時降★原$3850ASSARI-防潮防蛀塑鋼緩衝單門置物鞋櫃(寬44x深34x高117cm)\r\n100%整組可水洗	
緩衝設計不夾手	
防水防潮材質，防白蟻抗腐蝕	
免組裝專人送到府",2826,2826,,,,,1,0,"['C033411', 'C033733', 'C033732', 'C034177', 'C033412', 'C033413']",ec
QFCB1D-A9009QLEL,DQCD05,/items/QFCB1DA9009QLEL/000001_1547605460.jpg,/items/QFCB1DA9009QLEL/000001_1547605460.jpg,《C&B》第二代空間魔術師三門收納鞋櫃,"《C&B》第二代空間魔術師三門收納鞋櫃★日本暢銷品！館長強力推薦！升級E0+P2板★\r\n◆ 新款架高式地面易清理 
◆ 門板可當留言板 
◆ 下拉式門板收納量大 
◆ 鞋架內有兩塊活動層板 
◆ 貼心透氣孔通風佳 
◆ 單抽設計可收納小物 
◆ 最多可收納達27雙鞋
◆→還有【四門】",2950,2950,,,,,1,0,"['C033411', 'C033726', 'C033728', 'C033733', 'C033731', 'C033730', 'C033732', 'C034177', 'C034206', 'C034207', 'C034208', 'C034220', 'C034221', 'C034222', 'C034223', 'C033727', 'C033729', 'C033412', 'C034224', 'C034225', 'C033413']",ec
QFAABZ-A9008KUWP,DQCD3C,/items/QFAABZA9008KUWP/000001_1649764602.jpg,/items/QFAABZA9008KUWP/000001_1649764602.jpg,【RICHOME】英倫三門透氣鞋櫃,"【RICHOME】英倫三門透氣鞋櫃/鞋架/玄關櫃/置物櫃/收納櫃(加深款設計)\r\n採用精緻西德門鈕設計，收取方便
踢腳板設計美觀又防塵
內部4層板，最多可放置24雙鞋
加深款設計，男鞋收納也容易",2988,2988,,,,,1,0,"['C033411', 'C033733', 'C033732', 'C034177', 'C033412', 'C033413']",ec
QFAABZ-A900ASEKH,DQCD3C,/items/QFAABZA900ASEKH/000001_1595933143.jpg,/items/QFAABZA900ASEKH/000001_1595933143.jpg,【RICHOME】亞松森三門透氣鞋櫃,"【RICHOME】亞松森三門透氣鞋櫃/鞋架/玄關櫃/置物櫃/收納櫃 (工業風棧板設計)\r\n✓ 時尚簡約工業風格造型
✓ 塑合板貼pu防潑水設計
✓ 大容量空間，可收納20雙鞋
✓ 置物平台空間，適合擺放居家小物
✓ 透氣通風孔兼具把手功能
✓ 三門鞋櫃，可阻隔灰塵
✓ 移動式層板放置長靴，調整收納空間大小",3188,3188,,,,,1,0,"['C033411', 'C033733', 'C033732', 'C034177', 'C033412', 'C033413']",ec
QFAABZ-A900ASKIG,DQCD3C,/items/QFAABZA900ASKIG/000001_1596106176.jpg,/items/QFAABZA900ASKIG/000001_1596106176.jpg,【RICHOME】亞松森四門透氣高鞋櫃,"【RICHOME】亞松森四門透氣高鞋櫃/鞋架/玄關櫃/置物櫃/收納櫃 (工業風棧板設計)\r\n✓ 工業風棧板時尚家具
✓ 塑合板貼pu防潑水設計
✓ 大容量空間，可收納32雙鞋
✓ 透氣通風孔兼具把手功能
✓ 四門高鞋櫃，可阻隔灰塵
✓ 移動式層板放置長靴，調整收納空間大小",3599,3599,,,,,1,0,"['C033411', 'C034177', 'C033412', 'C033413']",ec
QFAAIN-A900A59KK,DQCD3P,/items/QFAAINA900A59KK/000001_1664502337.jpg,/items/QFAAINA900A59KK/000001_1664502337.jpg,Peachy Life 北歐多功能雙門鞋櫃/玄關櫃/百葉門鞋櫃(3色可選),"Peachy Life 北歐多功能雙門鞋櫃/玄關櫃/百葉門鞋櫃(4色可選)\r\n透氣的百葉門設計
鞋子不再潮濕發霉
霧面感的金屬門把
可依需求調整層板
兩組還可上下堆疊",3680,3680,,,,,1,0,"['C033411', 'C034185', 'C033726', 'C033728', 'C033733', 'C033731', 'C033730', 'C033732', 'C034177', 'C034206', 'C034207', 'C034208', 'C034220', 'C034221', 'C034222', 'C034223', 'C033727', 'C033729', 'C033412', 'C034224', 'C034225', 'C033413']",ec
QFAB4G-A9007FWU7,DQCD3L,/items/QFAB4GA9007FWU7/000001_1679728380.jpg,/items/QFAB4GA9007FWU7/000001_1679728380.jpg,【Sato】GENKA時間絮語雙門鞋櫃‧幅58cm,"【Sato】GENKA時間絮語雙門鞋櫃‧幅58cm\r\n◆ 究極細膩，卓越日本品牌
◆ 日本專用環保耐久蜂巢板
◆ 大容量最多收納 15 雙鞋
◆ 透氣孔設計，5 層置物空間
◆ 美背設計，不易受潮與發霉
◆ 實木腳提升承重，更加耐用",3880,3880,,,,,1,0,"['C033411', 'C033726', 'C033728', 'C033733', 'C033731', 'C033730', 'C033732', 'C034177', 'C034206', 'C034207', 'C034208', 'C034220', 'C034221', 'C034222', 'C034223', 'C033727', 'C033729', 'C033412', 'C034224', 'C034225', 'C033413']",ec
DEABDE-A900BB5OG,DQCD3C,/items/DEABDEA900BB5OG/000001_1619699384.jpg,/items/DEABDEA900BB5OG/000001_1619699384.jpg,【RICHOME】米亞玻璃門高鞋櫃,"【RICHOME】米亞玻璃門高鞋櫃/鞋架/玄關櫃/置物櫃/收納櫃 (日式玻璃門經典設計)\r\n✓ 高177公分日式玻璃門經典玻璃高鞋櫃
✓ 液壓鉸鏈設計，使用安全減少噪音
✓ 大容量空間，可收納16雙鞋
✓ 時尚鋁框玻璃門設計，有效阻隔灰塵
✓ 可移動層板放置長靴，調整收納空間大小
✓ 透氣孔通風設計，鞋子不悶臭",4888,4888,,,,,1,0,"['C033411', 'C034177', 'C033412', 'C033413']",ec
QFAAIN-A900A5M3J,DQCD3P,/items/QFAAINA900A5M3J/000001_1664502112.jpg,/items/QFAAINA900A5M3J/000001_1664502112.jpg,Peachy Life 北歐多功能三門鞋櫃/玄關櫃/百葉門鞋櫃(3色可選),"Peachy Life 北歐多功能三門鞋櫃/玄關櫃/百葉門鞋櫃(4色可選)\r\n透氣的百葉門設計
鞋子不再潮濕發霉
霧面感的金屬門把
可依需求調整層板
兩組還可上下堆疊",4680,4680,,,,,1,0,"['C033411', 'C034185', 'C033726', 'C033728', 'C033733', 'C033731', 'C033730', 'C033732', 'C034177', 'C034206', 'C034207', 'C034208', 'C034220', 'C034221', 'C034222', 'C034223', 'C033727', 'C033729', 'C033412', 'C034224', 'C034225', 'C033413']",ec
QFAA20-A90082CMR,DQCD0C,/items/QFAA20A90082CMR/000001_1618806695.jpg,/items/QFAA20A90082CMR/000001_1618806695.jpg,輕巧收納伸縮鞋架鞋櫃,"輕巧收納伸縮鞋架鞋櫃(1組兩層)\r\ndiy組裝好輕鬆  一組可放置十多雙鞋
可當鞋架、收納架、陽台雨傘架
節省空間上下左右創意延伸 開放式結構拿取好方便
一組鞋架為兩層",225,225,,,,,1,0,"['C033411', 'C033726', 'C033728', 'C033733', 'C033731', 'C033730', 'C033732', 'C034177', 'C033727', 'C033729', 'C033412', 'C033413']",ec
DEABEL-A9007LTS5,DQCD0C,/items/DEABELA9007LTS5/000001_1636007548.jpg,/items/DEABELA9007LTS5/000001_1636007548.jpg,DIY四層組合置物架鞋架鞋櫃收納架,"DIY四層組合置物架鞋架鞋櫃收納架\r\n營造溫馨整潔居家環境
井然有序超大收納乾淨美觀
精細八角加強pp卡套
鍍膜潑水隔層無紡布",199,199,,,,,1,0,"['C033411', 'C033726', 'C033728', 'C033733', 'C033731', 'C033730', 'C033732', 'C034177', 'C034206', 'C034207', 'C034208', 'C034220', 'C034221', 'C034222', 'C034223', 'C033727', 'C033729', 'C033412', 'C034224', 'C034225', 'C033413']",ec
DEAB4Q-A9006NFPO,DQCD0D,/items/DEAB4QA9006NFPO/000001_1531361384.jpg,/items/DEAB4QA9006NFPO/000001_1531361384.jpg,超大九層防塵鞋櫃,"超大九層防塵鞋櫃/DIY組合鞋架/收納置物架\r\n■六色可選，九層簡易防塵鞋櫃
■造型亮麗，結構可自由變換
■側袋設計，收納更靈活
■加後隔層布，防水又防塵
■噴塑金屬圓管，承重更牢固
■尺寸：30*60*160 cm (身*寬*高)
■此賣場棗紅布套顏色較相似紫紅色
◤超大8格衣櫃
◤雙排12格鞋櫃
◤加大9層鞋櫃",199,199,,,,,1,0,"['C033411', 'C034177', 'C033412', 'C033413']",ec
DEABLF-A900F5I3Z,DQCD3L,/items/DEABLFA900F5I3Z/000001_1673229497.jpg,/items/DEABLFA900F5I3Z/000001_1673229497.jpg,【Sato】ENTO涉趣百葉雙抽雙門七格鞋櫃‧幅90cm-原木色,"【Sato】ENTO涉趣百葉雙抽雙門七格鞋櫃‧幅90cm-原木色\r\n◆ 日本專用環保耐久蜂巢板
◆ 大容量最多收納 25 雙鞋
◆ 門內 6 層的置物空間
◆ 右側開放 7 層置物格
◆ 百葉透氣設計，減少異味
◆ 美背設計，不易受潮與發霉
◆ 強化版實木腳，更堅固耐用",6680,6680,,,,,1,0,"['C033411', 'C033726', 'C033728', 'C033733', 'C033731', 'C033730', 'C033732', 'C034177', 'C033727', 'C033729', 'C033412', 'C033413']",ec
QFAAIN-A900A59M7,DQCD3P,/items/QFAAINA900A59M7/000001_1664785043.jpg,/items/QFAAINA900A59M7/000001_1664785043.jpg,Peachy Life 北歐多功能四門鞋櫃/玄關櫃/百葉門鞋櫃(3色可選),"Peachy Life 北歐多功能四門鞋櫃/玄關櫃/百葉門鞋櫃(4色可選)\r\n透氣的百葉門設計
鞋子不再潮濕發霉
霧面感的金屬門把
可依需求調整層板
兩組還可上下堆疊",7200,7200,,,,,1,0,"['C033411', 'C034185', 'C033726', 'C033728', 'C033733', 'C033731', 'C033730', 'C033732', 'C034177', 'C033727', 'C033729', 'C033412', 'C033413']",ec
DEDB28-A900BMRPG,DQCD1S,/items/DEDB28A900BMRPG/000001_1628061166.jpg,/items/DEDB28A900BMRPG/000001_1628061166.jpg,【澄境】MIT輕時尚收納四斗櫃/收納櫃/抽屜櫃,"【澄境】MIT輕時尚收納四斗櫃/收納櫃/抽屜櫃\r\n◆ 台灣製造，品質保證
◆ 上方置物平台，可放置居家擺飾物品
◆ 嚴選質感把手，手感佳
◆ 圓弧邊緣設計，更安全
◆ 三角固定墊片，加強穩固",1380,1380,,,,,1,0,"['C033411', 'C033726', 'C033728', 'C033733', 'C033731', 'C033730', 'C033732', 'C034177', 'C034206', 'C034207', 'C034208', 'C034220', 'C034221', 'C034222', 'C034223', 'C033727', 'C033729', 'C033412', 'C034224', 'C034225', 'C033413']",ec
DEABJA-A900BUJ0L,DQCD3E,/items/DEABJAA900BUJ0L/000001_1648099853.jpg,/items/DEABJAA900BUJ0L/000001_1648099853.jpg,TZUMii高點六格階梯櫃,"TZUMii高點六格階梯櫃\r\n●開放空間拿取便利
●獨特造型，可當擺飾櫃、隔間櫃
●板厚加厚，厚度3公分",1699,1699,,,,,1,0,"['C033411', 'C033726', 'C033728', 'C033733', 'C033731', 'C033730', 'C033732', 'C034177', 'C034206', 'C034207', 'C034208', 'C034220', 'C034221', 'C034222', 'C034223', 'C033727', 'C033729', 'C033412', 'C034224', 'C034225', 'C033413']",ec
DEABHV-A9007WJLN,DQCD3G,/items/DEABHVA9007WJLN/000001_1564971492.jpg,/items/DEABHVA9007WJLN/000001_1564971492.jpg,《Hopma》掀蓋式穿鞋椅,"限時促銷↘原$1199《Hopma》掀蓋式穿鞋椅\r\nmit台灣製
diy自行組裝
可當穿鞋椅及鞋櫃
開放式設計好拿取",670,670,,,,,1,0,"['C033411', 'C033728', 'C033733', 'C033731', 'C033730', 'C033732', 'C034177', 'C033729', 'C033412', 'C033413']",ec
DEABHV-A900EVM4N,DQCD3G,/items/DEABHVA900EVM4N/000001_1649822512.jpg,/items/DEABHVA900EVM4N/000001_1649822512.jpg,《HOPMA》工業風雙層多功能穿鞋椅/收納櫃/置物櫃/玄關櫃,"《HOPMA》工業風雙層多功能穿鞋椅/收納櫃/置物櫃/玄關櫃\r\n。mit台灣製造。diy自行組裝 
。面板一體成型
。鐵架材質",1099,1099,,,,,1,0,"['C033411', 'C034177', 'C033412', 'C033413']",ec
DEABJA-A900BUMGO,DQCD3E,/items/DEABJAA900BUMGO/000001_1633577029.jpg,/items/DEABJAA900BUMGO/000001_1633577029.jpg,TZUMii巧收可堆疊鞋架-胡桃木色,"TZUMii巧收可堆疊鞋架-胡桃木色\r\n●小坪數熱銷款
●可依空間堆疊使用
●開放式拿取方便
●層板可以需求調整",488,488,,,,,1,0,"['C033411', 'C033726', 'C033728', 'C033733', 'C033731', 'C033730', 'C033732', 'C034177', 'C033727', 'C033729', 'C033412', 'C033413']",ec
DEABEM-A900AEOMY,DQCD3C,/items/DEABEMA900AEOMY/000001_1575945004.jpg,/items/DEABEMA900AEOMY/000001_1575945004.jpg,【RICHOME】威利穿鞋椅,"威利穿鞋椅-2色( 防霉抗菌)\r\n✓ pvc皮面柔軟坐墊
✓ 表面美耐皿層板
✓ 可調式層板可依擺放需求做調整
✓ 可收納10雙鞋
✓ 此商品需diy組裝",988,988,,,,,1,0,"['C033411', 'C034177', 'C033412', 'C033413']",ec
DEABJA-A900A8KRL,DQCD3E,/items/DEABJAA900A8KRL/000001_1662517485.jpg,/items/DEABJAA900A8KRL/000001_1662517485.jpg,TZUMii 高點掀門穿鞋椅,"TZUMii 高點掀門穿鞋椅\r\n● 椅櫃設計穿拖鞋超方便
● 側邊鞋插設計方便更換拖鞋
● 掀門收納設計一目了然",899,899,,,,,1,0,"['C033411', 'C033726', 'C033728', 'C033733', 'C033731', 'C033730', 'C033732', 'C034177', 'C034206', 'C034207', 'C034208', 'C034220', 'C034221', 'C034222', 'C034223', 'C033727', 'C033729', 'C033412', 'C034224', 'C034225', 'C033413']",ec
DEABJA-A900BUMK5,DQCD3E,/items/DEABJAA900BUMK5/000001_1633577824.jpg,/items/DEABJAA900BUMK5/000001_1633577824.jpg,TZUMii巧收可堆疊鞋架-白色,"TZUMii巧收可堆疊鞋架-白色\r\n●小坪數熱銷款
●可依空間堆疊使用
●開放式拿取方便
●層板可以需求調整",488,488,,,,,1,0,"['C033411', 'C033726', 'C033728', 'C033733', 'C033731', 'C033730', 'C033732', 'C034177', 'C033727', 'C033729', 'C033412', 'C033413']",ec
DEABJA-A900A70VD,DQCD3E,/items/DEABJAA900A70VD/000001_1648611831.jpg,/items/DEABJAA900A70VD/000001_1648611831.jpg,TZUMii 艾爾頓四層方管鞋架,"TZUMii 艾爾頓四層方管鞋架\r\n● 開放式設計拿取方便
● 玄關收納首選
● 輕巧好移動",799,799,,,,,1,0,"['C033411', 'C033726', 'C033728', 'C033733', 'C033731', 'C033730', 'C033732', 'C034177', 'C033727', 'C033729', 'C033412', 'C033413']",ec
DEDB8Z-A900DWFHR,DQCD0C,/items/DEDB8ZA900DWFHR/000001_1642834381.jpg,/items/DEDB8ZA900DWFHR/000001_1642834381.jpg,YOIMONO LIVING「工業風尚」頂天立地玄關鞋架 (八層),"YOIMONO LIVING「工業風尚」頂天立地玄關鞋架，拆裝簡便自由寬高！ (八層)\r\n★八層鞋架，自由寬高。
★立體收納，拆裝簡便。
★黑系粗曠，白系輕柔。
★工業風格，極致時尚 。",1119,1119,,,,,1,0,"['C033411', 'C034185', 'C033726', 'C033728', 'C033733', 'C033731', 'C033730', 'C033732', 'C034177', 'C034206', 'C034207', 'C034208', 'C034220', 'C034221', 'C033727', 'C033729', 'C033412', 'C033413']",ec
DEDDCW-A900AZQ9O,DQCD3E,/items/DEDDCWA900AZQ9O/000001_1605494855.jpg,/items/DEDDCWA900AZQ9O/000001_1605494855.jpg,《阿瑞斯》德爾座式鞋椅櫃,"《阿瑞斯》德爾座式鞋椅櫃\r\n●深色外框搭配視覺更迷人
●層板可依需求調整
●穿鞋椅櫃附輪好移動
●下層活動式穿鞋椅，增添實用性",1880,1880,,,,,1,0,[],ec
DEDB8Z-A900FHIK4,DQCD0C,/items/DEDB8ZA900FHIK4/000001_1663125217.jpg,/items/DEDB8ZA900FHIK4/000001_1663125217.jpg,【AccessCo】典雅六層寬版置鞋櫃_BF-SU981,"【AccessCo】典雅六層寬版置鞋櫃_BF-SU981\r\n◆多功能置物鞋櫃，適合小家庭擺放
◆用途廣泛，也可當電話桌使用
◆開放性空間設計，收取輕鬆便利",1699,1699,,,,,1,0,"['C033411', 'C034185', 'C033663', 'C033664', 'C033665', 'C033726', 'C033728', 'C033733', 'C033731', 'C033730', 'C033732', 'C033666', 'C033667', 'C033668', 'C034177', 'C033670', 'C033669', 'C033671', 'C033727', 'C033729', 'C033412', 'C033413']",ec
DEDB8N-A900FUSB5,DQCD02,/items/DEDB8NA900FUSB5/000001_1671436944.jpg,/items/DEDB8NA900FUSB5/000001_1671436944.jpg,BuyJM低甲醛寬100公分可堆疊四門鞋櫃/收納櫃/隔間櫃,"BuyJM低甲醛寬100公分可堆疊四門鞋櫃/收納櫃/隔間櫃\r\n‧四門板設計，分層收納
‧8片活動層板，可調整
‧加寬100公分，更好擺放
‧好收納，可擺放20雙鞋
‧可購買多入上下堆疊
‧台灣製造，品質有保障",1780,1780,,,,,1,0,"['C033411', 'C033726', 'C033728', 'C033733', 'C033731', 'C033730', 'C033732', 'C034177', 'C033727', 'C033729', 'C033412', 'C033413']",ec
QFAALY-A900ARKA6,DQCD3G,/items/QFAALYA900ARKA6/000001_1594797470.jpg,/items/QFAALYA900ARKA6/000001_1594797470.jpg,《HOPMA》木質雙配色三門書櫃,"《HOPMA》木質雙配色三門書櫃/收納櫃\r\n。mit台灣製造。diy自行組裝 
。伸縮轉軸設計好組裝
。隱藏式把手美觀安全
。另有同款四門收納可選搭",618,618,,,,,1,0,"['C033411', 'C034177', 'C033412', 'C033413']",ec
QFAA8D-A9008H21X,DQCD3G,/items/QFAA8DA9008H21X/000001_1564969930.jpg,/items/QFAA8DA9008H21X/000001_1564969930.jpg,《Hopma》掀蓋式穿鞋椅,"《Hopma》掀蓋式穿鞋椅/坐椅/隱藏式\r\n。mit台灣製
。diy自行組裝
。可當穿鞋椅及鞋櫃
。開放式設計好拿取",638,638,,,,,1,0,"['C033411', 'C033728', 'C033733', 'C033731', 'C033730', 'C033732', 'C034177', 'C033729', 'C033412', 'C033413']",ec
QFAA9R-A900A70UG,DQCD3E,/items/QFAA9RA900A70UG/000001_1648611711.jpg,/items/QFAA9RA900A70UG/000001_1648611711.jpg,《阿瑞斯》簡易四層方管鞋架,"TZUMii簡易四層方管鞋架\r\n● 開放式設計拿取方便
● 玄關收納首選
● 輕巧好移動",799,799,,,,,1,0,"['C033411', 'C033726', 'C033728', 'C033733', 'C033731', 'C033730', 'C033732', 'C034177', 'C033727', 'C033729', 'C033412', 'C033413']",ec
QFAA20-A9007J3UO,DQCD0C,/items/QFAA20A9007J3UO/000001_1478550365.jpg,/items/QFAA20A9007J3UO/000001_1478550365.jpg,SH027 凱斯達七層鞋櫃60*30*高120(CM),"LOGIS．凱斯達七層鞋櫃60*30*高120(CM)  衣櫃 置物櫃 書櫃 收納櫃(SH027)\r\n搭配門板更美化
兩色可選
活動層板+固定層板
diy組裝",1980,1980,,,,,1,0,"['C033411', 'C033726', 'C033728', 'C033733', 'C033731', 'C033730', 'C033732', 'C034177', 'C033727', 'C033729', 'C033412', 'C033413']",ec
QFAAKZ-A900ABG3D,DQCD28,/items/QFAAKZA900ABG3D/000001_1571472316.jpg,/items/QFAAKZA900ABG3D/000001_1571472316.jpg,ASSARI-玩色雙門2.6尺鞋櫃(寬76深38高91cm),"限時降▼原價$2820ASSARI-玩色雙門2.6尺鞋櫃(寬76深38高91cm)\r\n高質感全防蛀木芯板
內附隔板四片	
免搬運免組裝",2499,2499,,,,,1,0,"['C033411', 'C034177', 'C033412', 'C033413']",ec
QFAAL0-A900A3LSQ,DQCD28,/items/QFAAL0A900A3LSQ/000001_1575527009.jpg,/items/QFAAL0A900A3LSQ/000001_1575527009.jpg,ASSARI-輕量鋁合金2.5尺開放鞋櫃(附輪)(寬74*深36*高103cm),"限時降▼原價$2890ASSARI-輕量鋁合金2.5尺開放鞋櫃(附輪)(寬74*深36*高103cm)\r\n輕巧收納，不占空間	
穩固耐用零甲醛	
100%臺灣製	
專人送到府，免組裝",2524,2524,,,,,1,0,"['C033411', 'C033733', 'C033732', 'C034177', 'C033412', 'C033413']",ec
DEABJA-A900C4CF3,DQCD3E,/items/DEABJAA900C4CF3/000001_1640232013.jpg,/items/DEABJAA900C4CF3/000001_1640232013.jpg,TZUMii丹尼多功能收納櫃,"TZUMii 丹尼多功能收納櫃\r\n●如實木質感門框外型設計
●實木腳挑高設計能輕鬆打掃地面
●可依需求堆疊貨拆開使用
●系列搭配使居家質感更提升
●mit品質保證",2980,2980,,,,,1,0,"['C033411', 'C033726', 'C033728', 'C033733', 'C033731', 'C033730', 'C033732', 'C034177', 'C034206', 'C034207', 'C034208', 'C034220', 'C034221', 'C034222', 'C034223', 'C033727', 'C033729', 'C033412', 'C034224', 'C034225', 'C033413']",ec
DEDB8A-A900DFMTT,DQCD28,/items/DEDB8AA900DFMTT/000001_1642154810.jpg,/items/DEDB8AA900DFMTT/000001_1642154810.jpg,ASSARI-防潮防蛀塑鋼緩衝半開放雙門鞋櫃(寬96x深37x高112cm),"ASSARI-防潮防蛀塑鋼緩衝半開放雙門鞋櫃(寬96x深37x高112cm)\r\n100%整組可水洗	
緩衝設計不夾手	
防水防潮材質，防白蟻抗腐蝕	
免組裝 專人送到府",2968,2968,,,,,1,0,"['C033411', 'C034177', 'C033412', 'C033413']",ec
DEABDE-A900ASEIH,DQCD3C,/items/DEABDEA900ASEIH/000001_1595932014.jpg,/items/DEABDEA900ASEIH/000001_1595932014.jpg,【RICHOME】亞松森三門透氣鞋櫃,"【RICHOME】亞松森三門透氣鞋櫃/鞋架/玄關櫃/置物櫃/收納櫃 (工業風棧板設計)\r\n✓ 時尚簡約工業風格造型
✓ 塑合板貼pu防潑水設計
✓ 大容量空間，可收納20雙鞋
✓ 置物平台空間，適合擺放居家小物
✓ 透氣通風孔兼具把手功能
✓ 三門鞋櫃，可阻隔灰塵
✓ 移動式層板放置長靴，調整收納空間大小",3099,3099,,,,,1,0,"['C033411', 'C033733', 'C033732', 'C034177', 'C033412', 'C033413']",ec
QFAAKZ-A9009KG5W,DQCD28,/items/QFAAKZA9009KG5W/000001_1619601844.jpg,/items/QFAAKZA9009KG5W/000001_1619601844.jpg,ASSARI-水洗塑鋼2.2尺緩衝雙門鞋櫃(寬66深33高117cm),"限時降★原$4540ASSARI-水洗塑鋼2.2尺緩衝雙門鞋櫃(寬66深33高117cm)\r\n100%整組可水洗	
緩衝設計不夾手	
防白蟻抗腐蝕",3034,3034,,,,,1,0,"['C033411', 'C034177', 'C033412', 'C033413']",ec
DEDB90-A900FTN5N,DQCD0D,/items/DEDB90A900FTN5N/000001_1670389926.jpg,/items/DEDB90A900FTN5N/000001_1670389926.jpg,翻斗鞋櫃 超薄 家用進門口 多功能 收納櫃 儲物櫃 多層 鞋架 斗櫃 置物架 收納櫃 置物櫃,翻斗鞋櫃 超薄 家用進門口 多功能 收納櫃 儲物櫃 多層 鞋架 斗櫃 置物架 收納櫃 置物櫃\r\n,3299,3299,,,,,1,0,"['C033411', 'C034185', 'C033663', 'C033664', 'C033665', 'C033726', 'C033728', 'C033733', 'C033731', 'C033730', 'C033732', 'C033666', 'C033667', 'C033668', 'C034177', 'C034206', 'C034207', 'C034208', 'C034220', 'C033670', 'C033669', 'C033671', 'C034221', 'C034222', 'C034223', 'C033727', 'C033729', 'C033412', 'C034224', 'C034225', 'C033413']",ec
QFAA92-A900ACIHP,DQCD2B,/items/QFAA92A900ACIHP/000001_1623287157.jpg,/items/QFAA92A900ACIHP/000001_1623287157.jpg,Boden-艾柏2.9尺推門/拉門鞋櫃(五色可選),"Boden-艾柏2.9尺推門/拉門鞋櫃(五色可選)\r\n簡約時尚造型，五色隨意挑選
嚴選防蛀木心板，穩固更耐用
厚實檯面設計，獨特造型把手
推門式的設計，節省開合空間
耐磨塗裝，保護色澤持久亮麗
防刮腳墊設計，防止地板刮傷
專人送到府／免組裝！",3174,3174,,,,,1,0,"['C033411', 'C033728', 'C033733', 'C033731', 'C033730', 'C033732', 'C034177', 'C033729', 'C033412', 'C033413']",ec
QFAABZ-A900ASBTX,DQCD3C,/items/QFAABZA900ASBTX/000001_1595848733.jpg,/items/QFAABZA900ASBTX/000001_1595848733.jpg,【RICHOME】凱特琳三門鞋櫃,"【RICHOME】凱特琳三門鞋櫃/鞋架/玄關櫃/置物櫃/收納櫃(工業風棋盤格設計)\r\n✓ 方格拼貼工業風造型
✓ 塑合板貼pu防潑水設計
✓ 掀蓋式防塵收納小物，實用超方便
✓ 大容量空間，最多收納20雙鞋
✓ 透氣孔通風設計，鞋子不悶臭
✓ 三門鞋櫃，有效阻隔灰塵
✓ 可移動層板放置長靴，調整收納空間大小",3380,3380,,,,,1,0,"['C033411', 'C034177', 'C033412', 'C033413']",ec
DEABJA-A900BRSYB,DQCD3E,/items/DEABJAA900BRSYB/000001_1651039686.jpg,/items/DEABJAA900BRSYB/000001_1651039686.jpg,TZUMii朵拉四門三抽衣櫃,"TZUMii朵拉四門三抽衣櫃\r\n●一組多功能收納空間
●小空間必備品
●層板可以需求調整
●mit品質保證",3799,3799,,,,,1,0,"['C033411', 'C033726', 'C033728', 'C033733', 'C033731', 'C033730', 'C033732', 'C034177', 'C034206', 'C034207', 'C034208', 'C034220', 'C034221', 'C034222', 'C034223', 'C033727', 'C033729', 'C033412', 'C034224', 'C034225', 'C033413']",ec
DEDB8Z-A900DXBEV,DQCD0C,/items/DEDB8ZA900DXBEV/000001_1643187960.jpg,/items/DEDB8ZA900DXBEV/000001_1643187960.jpg,YOIMONO LIVING「工業風尚」輕便玄關衣帽鞋架 (五層/60CM),"YOIMONO LIVING「工業風尚」輕便玄關衣帽鞋架，租屋換屋輕鬆拆裝！ (五層/60CM)\r\n★安裝簡單，拆裝容易。
★租屋換屋，輕鬆搬運。
★玄關收納，一組搞定。
★工業風格，極致時尚。",279,279,,,,,1,0,"['C033411', 'C034185', 'C033726', 'C033728', 'C033733', 'C033731', 'C033730', 'C033732', 'C034177', 'C034206', 'C034207', 'C034208', 'C034220', 'C034221', 'C034222', 'C034223', 'C033727', 'C033729', 'C033412', 'C034224', 'C034225', 'C033413']",ec
DEDB8Z-A900DXBDC,DQCD0C,/items/DEDB8ZA900DXBDC/000001_1643187603.jpg,/items/DEDB8ZA900DXBDC/000001_1643187603.jpg,YOIMONO LIVING「工業風尚」輕便玄關衣帽鞋架 (五層/60CM),"YOIMONO LIVING「工業風尚」輕便玄關衣帽鞋架，租屋換屋輕鬆拆裝！(五層/60CM)\r\n★安裝簡單，拆裝容易。
★租屋換屋，輕鬆搬運。
★玄關收納，一組搞定。
★工業風格，極致時尚。",279,279,,,,,1,0,"['C033411', 'C034185', 'C033726', 'C033728', 'C033733', 'C033731', 'C033730', 'C033732', 'C034177', 'C034206', 'C034207', 'C034208', 'C034220', 'C034221', 'C034222', 'C034223', 'C033727', 'C033729', 'C033412', 'C034224', 'C034225', 'C033413']",ec
QFAAKZ-A900A52UK,DQCD28,/items/QFAAKZA900A52UK/000001_1562731786.jpg,/items/QFAAKZA900A52UK/000001_1562731786.jpg,ASSARI-利奧木心板附抽4尺鞋櫃(寬121x深41x高106cm),"ASSARI-利奧木心板附抽4尺鞋櫃(寬121x深41x高106cm)\r\n全木芯板材質	
緩衝門片設計	
頂板加厚耐重耐用	
台灣製免組裝",3936,3936,,,,,1,0,"['C033411', 'C034177', 'C033412', 'C033413']",ec
QFAAKZ-A900A52UR,DQCD28,/items/QFAAKZA900A52UR/000001_1562731924.jpg,/items/QFAAKZA900A52UR/000001_1562731924.jpg,ASSARI-利奧木心板附抽2.7尺高鞋櫃(寬81x深39x高181.5cm),"限時降★原$5970ASSARI-利奧木心板附抽2.7尺高鞋櫃(寬81x深39x高181.5cm)\r\n全木芯板材質	
緩衝門片設計	
頂板加厚耐重耐用	
台灣製免組裝",4037,4037,,,,,1,0,"['C033411', 'C034177', 'C033412', 'C033413']",ec
DEABHV-A900G3Z8K,DQCD3G,/items/DEABHVA900G3Z8K/000001_1678069701.jpg,/items/DEABHVA900G3Z8K/000001_1678069701.jpg,《HOPMA》樂活開放式十層鞋櫃 玄關櫃 開放收納櫃 置物邊櫃 鞋架-拼版柚木,"《HOPMA》樂活開放式十層鞋櫃 玄關櫃 開放收納櫃 置物邊櫃 鞋架-拼版柚木\r\n。mit台灣製 
。diy自行組裝 
。六片活動層板，可依需求調整高度

◤拼版柚木",1099,1099,,,,,1,0,"['C033411', 'C034177', 'C033412', 'C033413']",ec
DEABHV-A900G3Z75,DQCD3G,/items/DEABHVA900G3Z75/000001_1678069355.jpg,/items/DEABHVA900G3Z75/000001_1678069355.jpg,《HOPMA》樂活開放式十層鞋櫃 玄關櫃 開放收納櫃 置物邊櫃 鞋架-淺橡(漂流)木,"《HOPMA》樂活開放式十層鞋櫃 玄關櫃 開放收納櫃 置物邊櫃 鞋架-淺橡(漂流)木\r\n。mit台灣製 
。diy自行組裝 
。六片活動層板，可依需求調整高度

◤拼版柚木",1099,1099,,,,,1,0,"['C033411', 'C034177', 'C033412', 'C033413']",ec
DEDB8N-A900G6IM5,DQCD02,/items/DEDB8NA900G6IM5/000001_1680072892.jpg,/items/DEDB8NA900G6IM5/000001_1680072892.jpg,【寶德家居】客廳簡約鞋櫃三門 D00244(鞋櫃 櫃子 玄關 客廳 收納櫃 置物櫃),【寶德家居】客廳簡約鞋櫃三門 D00244(鞋櫃 櫃子 玄關 客廳 收納櫃 置物櫃)\r\n,1588,1588,,,,,1,0,"['C033411', 'C034185', 'C033663', 'C033664', 'C033665', 'C033726', 'C033728', 'C033733', 'C033731', 'C033730', 'C033732', 'C033666', 'C033667', 'C033668', 'C034177', 'C034206', 'C034207', 'C034208', 'C034220', 'C033670', 'C033669', 'C033671', 'C034221', 'C034222', 'C034223', 'C033727', 'C033729', 'C033412', 'C034224', 'C034225', 'C033413']",ec
DEABHV-A900G0AP9,DQCD3G,/items/DEABHVA900G0AP9/000001_1676259540.jpg,/items/DEABHVA900G0AP9/000001_1676259540.jpg,《HOPMA》大容量二門一抽鞋櫃 玄關櫃 收納櫃 置物邊櫃 鞋架-拼版柚木,"《HOPMA》大容量二門一抽鞋櫃 玄關櫃 收納櫃 置物邊櫃 鞋架-拼版柚木\r\n★mit台灣製造
★diy自行組裝
★霧黑金屬質感把手
★抽屜防落安全卡榫
★磁扣開合設計",1299,1299,,,,,1,0,"['C033411', 'C034177', 'C033412', 'C033413']",ec
